List of TASE Companies,,,,,,,,,,,
As of 20/02/2026
Name,TASE Sector,Issuer No.,Corporate No.,Incorporation,Website,Market Cap (K ILS),Full Name,Address,Phone,Fax,E-Mail
ABOU RESIDENC,Real-Real-Estate & Construction-Investment-Proerties In Israel,1863,515724706,Israel,www.abou-reit.co.il,410956,ABOU FAMILY RESIDENCE LTD,,08-6647148,,hayak@abultd.com
ABRA,High-Tech-Technology-IT Services,1397,512512468,Israel,www.abra-it.com/en                                ,452065,ABRA INFORMATION TECHNOLOGIES LTD.,,073-2770000,073-2770001,noam@abra-it.com
ACCEL,High-Tech-Technology-IT Services,770,520031345,Israel,www.accel.co.il                                   ,304452,ACCEL SOLUTIONS GROUP LTD,,03-3733433, 077-3180962,zohar@accel.co.il
ACKERSTEIN GRO,Real-Industry-Metal & Building Products,1896,512714494,Israel,www.ackerstein.co.il/profile,2839511,ACKERSTEIN GROUP LTD,,09-9596622,09-9543130,saare@ackerstein.co.il
ACRO,Real-Real-Estate & Construction-Construction,2360,511996803,Israel,www.acronadlan.com/en                             ,3203119,KVUTZAT ACRO LTD,,09-9718900,03-9718901,info@acrogrp.com
ADAMA,"Real-Industry-Chemical, Rubber & Plastic",1063,520043605,Israel,www.adama.com                                     ,0,ADAMA AGRICULTURAL SOLUTIONS LTD.,,073-2321000,073-2321937,ruby.newman@adama.com
ADGAR INV.,Real-Real-Estate & Construction-Investment-Proerties Abroad,182,520035171,Israel,www.adgar.com                                     ,858371,ADGAR INVESTMENT & DEVELOPMENT LTD,,03-6251400,03-9191911,liat@adgar.com
AERODROME GROUP,High-Tech-Technology-Defence,363,520037607,Israel,www.aerodrome-ops.com                             ,67873,AERODROME GROUP LTD,,072-2608093,03-6195131,office@aerodrome-ops.com
AEROSPACE INDUS,High-Tech-Technology-Defence,1457,520027194,Israel,www.iai.co.il                                     ,0,ISRAEL AEROSPACE INDUSTRIES LTD,,03-9358562,03-9354267,eanchikovsky@iai.co.il
AFCON HOLDINGS,Real-Investment & Holdings-Investment & Holdings,578,520033473,Israel,www.afcon.co.il/en                                ,1851897,AFCON HOLDINGS LTD.,,073-2001333,03-9216491,gilb@afcon.co.il
AFI PROPERTIES,Real-Real-Estate & Construction-Investment-Proerties Abroad,1172,510560188,Israel,www.afi-properties.com/?lang=en                   ,10559858,AFI PROPERTIES LTD,,03-5393562,03-5393523,eranf@afi.global
AFRICA RESIDENC,Real-Real-Estate & Construction-Construction,1338,520034760,Israel,res.afi-g.com/en                                  ,3940136,AFRICA ISRAEL RESIDENCES LTD.,,03-7402500,03-5119301,gilc@wblaw.co.il
AGELLAN,Real-Real-Estate & Construction-Investment-Proerties Abroad,2482,002352046,Canada,,0,AGELLAN COMMERCIAL REIT HOLDINGS INC,,03-6133355,,info@agellancapital.com
AIRENGY TECH,High-Tech-Technology-Cleantech,1473,513961334,Israel,www.airengy.com                                   ,261906,AIRENGY TECH LTD,,054-9988910,00-00000000,info@airengy.com
AIRPORT CITY,Real-Real-Estate & Construction-Investment-Proerties In Israel,1300,511659401,Israel,,6651948,AIRPORT CITY LTD,,073-2333900,073-2333999,liorp@equital-group.com
AIRTOUCH,High-Tech-Technology-Robotics & 3d,1862,515509347,Israel,www.airtouchsolar.com                             ,14678,AIRTOUCH SOLAR LTD,,073-2100660,02-6474383,info@airtouchsolar.com
ALARUM TECHNO,High-Tech-Technology-Software And Internet,1091,511418477,Israel,www.alarum.io                                     ,163638,ALARUM TECHNOLOGIES LTD,,09-8666110,03-6447789,info@alarum.io
ALBAAD,Real-Industry-Wood & Paper,625,520040205,Israel,www.albaad.com                                    ,619470,ALBAAD MASSUOT YITZHAK LTD.,,08-8607222,08-8501102,yaronl@albaad.com
ALBAR,Real-Commerce & Services-Services,1382,512025891,Israel,www.albar.co.il/about-us                          ,0,ALBAR MIMUNIT SERVICES LTD,,03-6151501,03-6151015,corp_sec@albar.co.il
ALBEN,Real-Real-Estate & Construction-Investment-Proerties In Israel,491,520039827,Israel,,0,AL-BEN PROPERTY & INVESTMENT CO. LTD.,,054-6665818,,dovb@toveihair.co.il
ALLMED SOLUTION,High-Tech-Biomed-Medical Devices,1393,513488833,Israel,www.almd-solutions.com                            ,36007,ALLMED SOLUTIONS LTD,,074-7650353,074-7650354,info@almd-solutions.com
ALLOT,High-Tech-Technology-Software And Internet,2252,512394776,Israel,www.allot.com                                     ,1525345,ALLOT LTD,,09-7619200,09-7443626,legal@allot.com
ALMA YESODOT,Real-Investment & Holdings-Investment & Holdings,1857,515116192,Israel,www.almainfra.com,264514,ALMA YESODOT LTD,,09-9715342,,office@almainfra.com
ALMEDA VENTURES,High-Tech-Biomed-Investments In Life Science,1814,540296795,Israel,www.almedaventures.com                            ,44474,ALMEDA VENTURES LIMITED PARTNERSHIP,,09-7885599,03-6124545,irit@almedaventures.com
ALMOG,Real-Real-Estate & Construction-Construction,2481,511229676,Israel,,0,ALMOG C.D.A.I LTD,,08-9428282,,office@almog-ltd.com
ALMOGIM HOLDING,Real-Real-Estate & Construction-Construction,1553,513988824,Israel,www.almogim.co.il/en                              ,484109,ALMOGIM HOLDINGS LTD,,04-8577080,04-8577081,info@almogim.co.il
ALON BLUE SQUAR,Real-Investment & Holdings-Investment & Holdings,2063,520042847,Israel,,0,ALON BLUE SQUARE ISRAEL LTD,,03-9284201,03-9284218,aviramg@bsi.co.il
ALONY HETZ,Real-Real-Estate & Construction-Investment-Proerties In Israel,390,520038506,Israel,www.alony-hetz.com                                ,8370980,ALONY HETZ PROPERTIES & INVESTMENTS LTD.,,03-7521115,03-7514730,office@alony-hetz.com
ALROV PROPERT,Real-Real-Estate & Construction-Investment-Proerties Abroad,387,520038894,Israel,www.alrov.co.il                                   ,5338369,ALROV PROPERTIES & LODGINGS LTD.,,03-7147777,03-7147778,info@alrov.co.il
ALTITUDE INVEST,Real-Real-Estate & Construction-Investment-Proerties Abroad,1729,1963039,Virgin Islands (UK),,0,"ALTITUDE INVESTMENTS, LTD",,03-6944249,03-6944157,raizen@fbclawyers.com
ALTSHULER FINA,Finance-Financial Services-Financial Services,2367,516508603,Israel,www.as-invest.co.il/en                            ,1117095,ALTSHULER SHAHAM FINANCE LTD,,073-2331500,073-2462700,osnat@altshul.co.il
ALUMA,Real-Investment & Holdings-Investment & Holdings,1978,516214871,Israel,en.aii.co.il                                      ,316078,ALUMA INFRASTRUCTURE FUND (2020) LTD,,03-7446442,03-7446443,office@aii.co.il
AMAL HOLDINGS,Real-Commerce & Services-Services,2516,511295412,Israel,,2676800,AMAL HOLDINGS A.D LTD,,054-9292628,,yiftach@amalgroup.co.il
AMANET,Real-Commerce & Services-Services,654,520040833,Israel,www.amanet.co.il/en                               ,131089,AMANET MANAGEMENT & SYSTEMS LTD.,, 03-7659555,03-6440125,amanet@amanet.co.il
AMERICAN EQUITY,Real-Real-Estate & Construction-Investment-Proerties Abroad,2468,2160207,Virgin Islands (UK),,0,AMERICAN EQUITY PARTNERS LIMITED,,03-6111000
AMIAD,"Real-Industry-Chemical, Rubber & Plastic",2234,512497694,Israel,www.amiad.com                                     ,235769,AMIAD WATER SYSTEMS LTD,,04-6909500,04-8141159,beng@amiad.com
AMIDAR,Real-Real-Estate & Construction-Investment-Proerties In Israel,1728,520017393,Israel,www.amidar.co.il,0,AMIDAR THE ISRAELI NATIONAL PUBLIC HOUSING COMPANY,,03-6931555,03-6931564,orly.carmy@amidar.co.il
AMIR MARKETING,Real-Commerce & Services-Commerce,1232,513615286,Israel,www.amir-agricul.co.il,442690,AMIR MARKETING AND INVESTMTS IN AGRICULTURE LTD.,,04-6120200,04-6322255,amir@amir-agricul.co.il
AMOT,Real-Real-Estate & Construction-Investment-Proerties In Israel,1328,520026683,Israel,www.amot.co.il/en                                 ,11415107,AMOT INVESTMENTS LTD.,,03-5760500,03-5760501,osnatg@amot.co.il
AMPA,Real-Real-Estate & Construction-Investment-Proerties In Israel,2471,510000813,Israel,,4237345,AMPA LTD,,09-9708400,,or@ampa.co.il
AMRAM,Real-Real-Estate & Construction-Construction,2385,513201582,Israel,www.amramltd.co.il,3960714,AMRAM AVRAHAM CONSTRUCTION COMPANY LTD,,04-6222444,04-6222544,office@amramltd.co.il
AMTRUST RE,Real-Real-Estate & Construction-Investment-Proerties Abroad,2507,2177996,Virgin Islands (UK),,0,AMTRUST RE LTD,,03-6111000,,jeffrey.weissmann@gmail.com
ANALYST,Finance-Financial Services-Financial Services,1008,520041963,Israel,www.analyst.co.il,1930779,ANALYST I.M.S. INVESTMENT MANAGEMENT SERVICES LTD.,,03-7147147,03-7147142,analyst@analyst.co.il
ANGEL SALOMON,Real-Industry-Food,180,520035130,Israel,www.angel.co.il/en                                ,145524,SALOMON A.ANGEL LTD.,,02-6580555,02-6511238,info@angel.co.il
APOLLO POWER,High-Tech-Technology-Cleantech,1074,520043928,Israel,www.apollo-power.com                              ,320420,APOLLO POWER LTD,,04-9071515,,info@apollo-power.com
ARAD,High-Tech-Technology-Electronics And Optics,1219,510007800,Israel,www.arad.co.il                                    ,1212053,ARAD LTD.,,04-9897911,04-9897926,yoavf@arad.co.il
ARAN,Real-Commerce & Services-Services,1122,510959596,Israel,www.aran-rd.com                                   ,179036,ARAN RESEARCH & DEVELOPMENT (1982) LTD.,,04-6239000,04-6273260,orit.beckerman@aran-rd.co.il
ARAZIM,Real-Real-Estate & Construction-Investment-Proerties Abroad,138,520034281,Israel,,0,ARAZIM INVESTMENTS LTD,,03-6132243,03-6132245,office@araziminv.com
ARBE ROBOTICS,High-Tech-Technology-Semiconductors,1975,515333128,Israel,,383294,ARBE ROBOTICS LTD,,073-7969804,,maya.bo@arberobotics.com
ARGO PROPERTIES,Real-Real-Estate & Construction-Investment-Proerties Abroad,1884,70252750,Holland,www.argo-nv.com                                   ,2932201,ARGO PROPERTIES N.V.,,03-6111000,03-6133355,f.ganea@argo-nv.com
ARI REAL ESTATE,Real-Real-Estate & Construction-Investment-Proerties In Israel,366,520038332,Israel,,1975421,ARI REAL ESTATE (ARENA) INVESTMENT LTD,,08-9578000,08-9578031,nir.l@abultd.com
ARYT,High-Tech-Technology-Defence,587,520033358,Israel,,6273413,ARYT INDUSTRIES LTD.,,03-5388694,03-5339223,info@arytltd.com
ASHDOD REFINERY,Real-Energy And Oil & Gas Exploration-Energy,1361,513775163,Israel,www.arf.co.il,736510,ASHDOD REFINERY LTD,,08-8512702,08-9230557,info@arf.co.il
ASHOT,Real-Industry-Metal & Building Products,312,520037581,Israel,www.ashot.co.il                                   ,2957414,ASHOT - ASHKELON INDUSTRIES LTD.,,08-6721591,08-6755198,yair.kaufman@ashot.co.il
ASHTROM GROUP,Real-Real-Estate & Construction-Construction,1618,510381601,Israel,www.ashtrom.co.il/en                              ,8071338,ASHTROM GROUP LTD,,03-6231399,03-6231401,dalia@ashtrom.co.il
ASHTROM PROP.,Real-Real-Estate & Construction-Investment-Proerties In Israel,251,520036617,Israel,www.ashtrom-properties.co.il/en                   ,0,ASHTROM PROPERTIES LTD.,,03-6231331,03-6231332,zivd@ashtrom.co.il
ASPEN GROUP,Real-Real-Estate & Construction-Investment-Proerties Abroad,313,520037540,Israel,www.e.aspen.co.il                                 ,433931,ASPEN GROUP LTD.,,03-5652222,03-5652225,ayelet@aspen.co.il
ATREYU CAPITAL,Finance-Financial Services-Financial Services,1307,513773564,Israel,,1101172,ATREYU CAPITAL MARKETS LTD,,03-6845500,03-6845550,atreyu@leader.co.il
AUDIOCODES,High-Tech-Technology-Communications Equipment,2134,520044132,Israel,www.audiocodes.com                                ,605302,AUDIOCODES LTD.,,03-9764000,03-9764040,notices@audiocodes.com
AURA,Real-Real-Estate & Construction-Construction,373,520038274,Israel,www.auraisrael.co.il/en/about                     ,6485541,AURA INVESTMENTS LTD.,,03-7181910,03-7181911,ariel@auraisrael.co.il
AURA SMART-M,High-Tech-Technology-Cleantech,1899,515816114,Israel,www.auraair.io,14405,AURA SMART AIR LTD,,  03-5670100,  03-5670101,avi@auraair.io
AUSTRALIA ISR,Real-Real-Estate & Construction-Investment-Proerties In Israel,1001,520041872,Israel,www.australia-israel.com,88318,E.S. AUSTRALIA ISRAEL HOLDINGS LTD,,09-9701114,09-8862350,office@gorendev.co.il
AUTO BANK SERV,Finance-Financial Services-Financial Services,1774,510792773,Israel,www.shva.co.il,1001823,AUTOMATIC BANK SERVICES LIMITED,,03-5264640,03-5253380,rin@shva.co.il
AUTOMAX MOTORS,Real-Commerce & Services-Commerce,2280,513795427,Israel,www.automax.co.il,11199,AUTOMAX MOTORS LTD,,02-6225987,02-6790544,info@automax.co.il
AUTONOMOUS,High-Tech-Technology-Defence,1082,520044298,Israel,,77960,AUTONOMOUS GUARD LTD,,073-3503501,,office@aguard-sys.com
AVERBUCH,Real-Commerce & Services-Commerce,675,520041013,Israel,en.averbuch.co.il                                 ,108797,AVERBUCH FORMICA CENTER LTD.,,08-9224986,08-9224973,zvi@averbuch.co.il
AV-GAD,Real-Real-Estate & Construction-Construction,1829,514091685,Israel,www.avgad-home.co.il,309992,AV-GAD HOLDINGS LTD,,09-8324373,09-8326475,office@avgad-home.co.il
AVGOL,Real-Industry-Wood & Paper,1390,510119068,Israel,www.avgol.com                                     ,370473,AVGOL INDUSTRIES 1953 LTD.,,03-9061500,03-9364376,inbal.konforty@avgol.com
AVIAD DEPOSITS,Financial Instruments-Financial Instrument-Structured Bonds,2446,516946803,Israel,,0,AVIAD DEPOSITS LTD,,03-5251544,,elad@proxima.co.il
AVIATION LINKS,Real-Commerce & Services-Hotels & Tourism,413,520039009,Israel,www.kishrey-teufa.co.il,146710,AVIATION LINKS LTD.,,03-5209000,03-6388811,amit@aviation-links.co.il
AVIV,Real-Real-Estate & Construction-Construction,444,520039264,Israel,www.maviv.co.il,257020,MORDECHAI AVIV TAASIOT BENIYAH (1973) LTD.,,02-6214444,02-6232444,yedid@maviv.co.il
AVROT,Real-Industry-Metal & Building Products,297,520037383,Israel,www.avrot.co.il/en                                ,190154,AVROT INDUSTRIES LTD.,,03-9375027,03-9375003,gilad@avrot.co.il
AXILION,High-Tech-Technology-Software And Internet,383,520038548,Israel,www.axilion.com                                   ,17791,AXILION SMART MOBILITY LTD,,054-6641812,03-6400650,harel.hershtik@gmail.com
AXON VISION,High-Tech-Technology-Defence,2501,515697936,Israel,,179138,AXON VISION LTD,,03-5610901,,roy@axon-vision.com
AYA NEW YORK,Real-Real-Estate & Construction-Investment-Proerties Abroad,2527,2185148,Virgin Islands (UK),,0,AYA NEW YORK LTD,,054-5876850,,libby@bigaya.com
AYALON,Finance-Insurance-Insurance,209,520030677,Israel,www.ayalon-ins.co.il/en                           ,3515965,AYALON INSURANCE COMPANY LTD,,03-7569772,03-7569572,nazkirutm@ayalon-ins.co.il
AZORIM,Real-Real-Estate & Construction-Construction,715,520025990,Israel,www.azorim.co.il/en                               ,5111698,"AZORIM-INVESTMENT, DEVELOPMENT & CONSTRUCTION CO. LTD.",,  03-7613401,03-7613405,lilach@azorim.co.il
AZRIELI GROUP,Real-Real-Estate & Construction-Investment-Proerties In Israel,1420,510960719,Israel,www.azrieligroup.com/en                           ,57507543,AZRIELI GROUP LTD,,03-6081400,03-6081380,niritz@azrieli.com
B.GAON-M,Real-Industry-Metal & Building Products,1452,512623950,Israel,www.gaon.com/en                                   ,111545,B.GAON HOLDINGS LTD.,,03-7954100,03-7954103,martine@gaon.com
B.S.R ENGIN(M),Real-Real-Estate & Construction-Construction,1490,511624769,Israel,www.bsr.co.il,0,B.S.R ENGINEERING AND DEVELOPMENT LTD,,03-6114444,03-6114443,danielk@bsr.co.il
BAIT BAKFAR,Real-Real-Estate & Construction-Investment-Proerties In Israel,1802,511605719,Israel,www.bayit-bakfar.co.il/en                         ,1005311,BAIT BAKFAR LTD,,09-7649966,09-7688888,roni@bbb.co.il
BAIT VEGAG,Real-Real-Estate & Construction-Construction,2371,516501640,Israel,www.baitvegag.co.il,402767,BAIT VEGAG REAL ESTATE DEVELOPMENT LTD,,03-5008032,03-5008030,tal@baitvegag.co.il
BALADI,Real-Commerce & Services-Commerce,2450,511226136,Israel,,2027099,BALADI LTD,,073-2113700,,irena@baladi.co.il
BARAK INVEST,Finance-Financial Services-Financial Services,1344,513673970,Israel,www.barak-invest.co.il,29130,BARAK INVESTMENT HOUSE LTD,, 03-5279755,03-5287750,shay@barak-invest.co.il
BARAN,Real-Commerce & Services-Services,286,520037250,Israel,www.barangroup.com                                ,649841,BARAN GROUP LTD.,,08-6200200,08-6200201,noam@n-r-law.co.il
BAREKET CAPITAL,Finance-Financial Services-Non Banking Credit,1940,515187326,Israel,www.bareketc.com,168212,BAREKET CAPITAL LTD.,,03-3770013,03-6919179,inbal@bareketc.com
BATM,High-Tech-Technology-Investments In High-Tech,2135,520042813,Israel,www.batm.com                                      ,242957,BATM ADVANCED COMMUNICATIONS LTD,,09-8662525,09-8662500,sigalit@batm.com
BEEIO HONEY,High-Tech-Technology-Foodtech,2093,520042870,Israel,www.bee-io.com                                    ,15963,BEEIO HONEY LTD,,08-6110713,08-6110720,office@bee-io.com
BET SHEMESH,Real-Industry-Metal & Building Products,1054,520043480,Israel,www.bsel.co.il                                    ,8086561,BET SHEMESH ENGINES HOLDINGS (1997) LTD.,,02-9909201,02-9916713,dov.feldman@bsel.co.il
BEYON3D-M,High-Tech-Technology-Robotics & 3d,1859,514669506,Israel,www.beyon3d.com                                   ,6910,BEYON3D LTD,,09-8877633,09-8811220,info@beyon3d.com
BEZEQ,Real-Commerce & Services-Communications & Media,230,520031931,Israel,ir.bezeq.co.il                                    ,22855051,BEZEQ THE ISRAELI TELECOMMUNICATION CORP. LTD.,,03-6262200,03-6262209,michal.kuperstein@bezeq.co.il
BIG,Real-Real-Estate & Construction-Investment-Proerties In Israel,1327,513623314,Israel,www.bigcenters.co.il/en                           ,19686950,BIG SHOPPING CENTERS LTD,,073-2600420,073-2600426,assaf@bigcenters.co.il
BIG TECH 50 R&D,High-Tech-Technology-Investments In High-Tech,1832,540295417,Israel,www.bigtech50.com,14559,BIG TECH 50 R&D-LIMITED PARTNERSHIP,,054-2215435,153542215435,info@bigtech50.com
BIKUREY HASADE,Real-Commerce & Services-Commerce,1790,512402538,Israel,www.bikurey.co.il/en                              ,623381,BIKUREY HASADE GROUP LTD,,08-9559559,08-9559669,ellap@bikurey.co.il
BIO MEAT FOOD,High-Tech-Technology-Foodtech,1855,540300860,Israel,,43933,BIO MEAT FOODTECH-LIMITED PARTNERSHIP,,054-4543490,077-9338099,liat_bidas@hotmail.com
BIO VIEW,High-Tech-Biomed-Medical Devices,1305,512671371,Israel,www.bioview.com                                   ,24045,BIO VIEW LTD,,073-2271020,073-2271050,dani@bioview.com
BIOLIGHT,High-Tech-Biomed-Investments In Life Science,1293,513680793,Israel,www.bio-light.co.il/en                            ,32287,BIOLIGHT LIFE SCIENCES LTD,,073-2753400,073-2753401,karin@bio-light.co.il
BIOLINE,High-Tech-Biomed-Biotechnology,1394,513398750,Israel,www.biolinerx.com                                 ,39162,BIOLINE RX LTD.,,08-6429100,08-6429101,info@biolinerx.com
BIRMAN,Real-Industry-Wood & Paper,530,520040320,Israel,www.birman.co.il/english                          ,103849,BIRMAN WOOD AND HARDWARE LTD.,,04-6768000,04-6733464,haim@birman.co.il
BLACKEDGE,Finance-Financial Services-Non Banking Credit,1853,515185999,Israel,www.michman-loans.co.il,596697,BLACKEDGE LTD,,03-9015606,03-6479779,office@blackedge.co.il
BLADERANGER,High-Tech-Technology-Robotics & 3d,1827,515350932,Israel,www.bladeranger.com                               ,28686,BLADERANGER LTD,,055-9582468,,info@bladeranger.com
BLENDER TECH,High-Tech-Technology-Software And Internet,1846,515005502,Israel,blender.global                                    ,95580,BLENDER FINANCIAL TECHLOGIES LTD,,072-2776015,03-6400650,aanava@barlaw.co.il
BLITZ-M,High-Tech-Technology-Electronics And Optics,424,520038779,Israel,www.blitzmotors.com                               ,22184,BLITZ TECHNOLOGIES LTD,,072-2555722,03-7914464,finance@blitzmotors.co.il
BLUE SQUARE RE.,Real-Real-Estate & Construction-Investment-Proerties In Israel,1349,513765859,Israel,www.bsre.co.il/en                                 ,5271258,BLUE SQUARE REAL ESTATE LTD,,03-9282649,03-9282402,hagarg@bsre.co.il
BLUE WAVE-M,High-Tech-Technology-Cleantech,1318,512565730,Israel,www.blue-wave.capital,12669,BLUE WAVE WATER CAPITAL LTD,,054-5651303,03-6113001,keren@blue-wave.capital
BONEI TICHON,Real-Real-Estate & Construction-Construction,531,520040304,Israel,www.boh.co.il/en                                  ,597411,BONEI HATICHON CIVIL ENGINEERING & INFRASTRUCTURES LTD.,,03-9064640,03-5467089,doron@boh.co.il
BONUS BIOGROUP,High-Tech-Biomed-Biotechnology,485,520039777,Israel,www.bonus-bio.com                                 ,589908,BONUS BIOGROUP LTD.,,073-2067100,073-2067111,info@bonus-bio.com
BRAINSWAY,High-Tech-Biomed-Medical Devices,1386,513890764,Israel,www.brainsway.com                                 ,1508123,BRAINSWAY LTD.,,02-5813140,02-5812517,hadarl@brainsway.com
BRAM INDUSTRIES,"Real-Industry-Chemical, Rubber & Plastic",1274,513579482,Israel,en.bram.co.il                                     ,31040,BRAM INDUSTRIES LTD,,08-6611355,08-6611445,info@hai-plastic.co.il
BRAND,Real-Industry-Metal & Building Products,536,520040346,Israel,www.brand.org.il/en/                              ,191241,BRAND GROUP(M.G) LTD,,08-6589588,08-6580353,barak_g@brand.org.il
BRILL,Real-Commerce & Services-Retail,399,520038647,Israel,www.gali.co.il,79207,BRILL SHOE INDUSTRIES LTD.,,03-5158585,077-3181611,evyatar@sbn-brands.co.il
BRIMAG DIGITAL,Real-Commerce & Services-Commerce,1269,511786378,Israel,www.brimag.co.il,225177,BRIMAG DIGITAL AGE LTD,,03-7358000,03-5594224,shimond@brimag.co.il
BUBBLES,Real-Commerce & Services-Retail,1465,513952499,Israel,www.bubbles-online.co.il,22765,BUBBLES INTERGROUP LTD,,053-3310680,03-6443046,meital@bbls-group.com
BUFF TECHNOLOG,High-Tech-Technology-Software And Internet,1933,515811198,Israel,www.buff.game                                     ,20532,BUFF TECHNOLOGIES,,09-3740213,09-3740213,info@buff.game
BULIGO,Real-Real-Estate & Construction-Investment-Proerties Abroad,1980,514766195,Israel,www.buligocapital.com                             ,582489,BULIGO CAPITAL LTD,,03-5755406,03-5755410,info@buligocapital.com
BULL TRADING-M,Finance-Financial Services-Non Banking Credit,1925,510992183,Israel,bull-trade.co.il,623,BULL TRADING AND INVESTMENT LTD.,,03-5444566,03-6422812,office@bull-trade.co.il
CAMTEK,High-Tech-Technology-Semiconductors,2174,511235434,Israel,www.camtek.com                                    ,22243380,CAMTEK LTD.,,04-6048100,04-6048300,moshee@camtek.com
CAN FITE BIO,High-Tech-Biomed-Biotechnology,1272,512022153,Israel,www.canfite.com                                   ,17834,CAN FITE BIOPHARMA LTD,,03-9241114,03-9249378,motti@canfite.co.il
CANADA GLOBAL,Real-Real-Estate & Construction-Investment-Proerties Abroad,106,520041286,Israel,,660672,CANADA GLOBAL (T.R) LTD,,054-2336280,,tony@a2z-finance.co.il
CANZON-M,Real-Investment & Holdings-Investment & Holdings,1304,512819178,Israel,,7403,CANZON ISRAEL LTD,,03-7665533,03-7665533,avishai@argamanf.com
CAPITAL POINT,High-Tech-Biomed-Investments In Life Science,1325,512950320,Israel,,70664,CAPITAL POINT LTD,,03-6070320,03-6070323,ori@capitalpoint.co.il
CARASS0 REAL ES,Real-Real-Estate & Construction-Construction,2384,510488190,Israel,en.carasso-nadlan.co.il                           ,2376730,CARASSO REAL ESTATE LTD,,03-6381102,,reuvenke@carasso.co.il
CARASSO MOTORS,Real-Commerce & Services-Commerce,1585,514065283,Israel,,3557691,CARASSO MOTORS LTD,,08-8631111,08-8631556,nirfa@carasso.co.il
CARMEL CORP,Real-Industry-Food,1748,515818524,Israel,,372543,CARMEL CORP LTD,,03-9488866,03-9676346,eyal.shavit@carmelwines.co.il
CARMIT,Real-Industry-Food,440,520039058,Israel,www.carmitcandy.com                               ,131397,CARMIT CANDY INDUSTRIES LTD,,03-9637000,03-9637001,mory@carmit.co.il
CASTELLAN,Finance-Financial Services-Non Banking Credit,2484,2171174,Virgin Islands (UK),,0,"CASTELLAN REAL ESTATE BVI, LTD",,03-6089816,,hod.mimun@goldfarb.com
CASTRO,Real-Commerce & Services-Retail,280,520037649,Israel,www.castro.com/en                                 ,921931,CASTRO MODEL LTD.,,03-5554555,03-5554553,mgr@castro.co.il
CELLCOM,Real-Commerce & Services-Communications & Media,2066,511930125,Israel,investors.cellcom.co.il                           ,6130507,CELLCOM ISRAEL LTD.,,052-9989595,09-8607986,cellcom_sec@cellcom.co.il
CHAMOSS,Real-Real-Estate & Construction-Investment-Proerties Abroad,1742,633896,Virgin Islands (UK),,0,CHAMOSS INTERNATIONAL LIMITED,,03-6089816,03-6089885,aolivero@finsburgtrust.co.il
CI SYSTEMS,High-Tech-Technology-Electronics And Optics,442,520039280,Israel,www.ci-systems.com                                ,475703,CI SYSTEMS (ISRAEL) LTD.,,04-6448888,04-6543570,cis@ci-systems.com
CIELO-BLU,Real-Real-Estate & Construction-Construction,1331,513605519,Israel,www.hmg.co.il,254262,CIELO-BLU GROUP LTD,,08-9305959,08-9302930,office@hmg.co.il
CION,Finance-Financial Services-Non Banking Credit,2409,D14242259,USA,www.cionbdc.com                                   ,1420245,CION INVESTMENT CORPORATION,,03-6089999,,legal@cioninvestments.com
CIPIA VISION,High-Tech-Technology-Software And Internet,1964,513476010,Israel,fs10.cipia.com,32473,CIPIA VISION LTD,,077-5047760,09-9544120,info@cipia.com
CITRUS PLA,Real-Real-Estate & Construction-Investment-Proerties In Israel,716,520022369,Israel,,60470,I.C.P. ISRAEL CITRUS PLANTATIONS LTD.,,03-6916287,03-6957391,dorit@benezer.co.il
CITY PEOPLE ROT,Real-Real-Estate & Construction-Construction,2417,515790855,Israel,www.city-people.co.il/en                          ,168210,CITY PEOPLE OF ROTSHTEIN GROUP LTD,,03-5173838,,yarden@citypeople.co.il
CLAL BIO TECHNO,High-Tech-Biomed-Investments In Life Science,1447,511898835,Israel,www.cbi.co.il                                     ,47054,CLAL BIOTECHNOLOGY INDUSTRIES LTD,,03-6121616,03-6124545,liat@cbi.co.il
CLAL CAPITAL,Finance-Insurance-Insurance,1324,513754069,Israel,,0,CLAL INSURANCE CAPITAL RAISING LTD,,03-6387575,03-6397011,clalmishpatit@clal-ins.co.il
CLAL INSURANCE,Finance-Insurance-Insurance,224,520036120,Israel,www.clalbit.co.il/investorsrelations              ,20395502,CLAL INSURANCE ENTERPRISES HOLDINGS LTD.,,03-6387577,03-6397011,clalmishpatit@clal-ins.co.il
COHEN DEVL.,Real-Energy And Oil & Gas Exploration-Oil & Gas Exploration,810,520032970,Israel,,1480493,COHEN DEVELOPMENT GAS & OIL LTD.,,073-3208860,073-3208899,haimk@cohen-dev.co.il
COMPUGEN,High-Tech-Biomed-Biotechnology,2188,511779639,Israel,www.cgen.com                                      ,517157,COMPUGEN LTD.,,03-7658585,03-7658555,eranbd@cgen.com
COMPUTER DIR GR,High-Tech-Technology-IT Services,507,520040007,Israel,www.one1.co.il/en                                 ,1161947,COMPUTER DIRECT GROUP LTD.,,03-9767536,03-9767544,dinaa.amir@gmail.com
CONTINUAL-M,Real-Investment & Holdings-Inactive & Shell Companies,1991,514949973,Israel,www.continualexperience.co,6109,CONTINUAL LTD.,,03-6138686,03-6138585,yarkoniwilf@gmail.com
COPPERLINE,Real-Real-Estate & Construction-Investment-Proerties Abroad,1648,1865427,Virgin Islands (UK),www.copperlinepartners.com                        ,0,COPPERLINE AMERICAS LIMITED,,03-6111000,03-6133355,lalfano@copperlinepartners.com
CREDITO IPOS,Financial Instruments-Financial Instrument-Structured Bonds,2425,516804499,Israel,www.credito.co.il,0,CREDITO IPOS LTD,,050-4099997,,hadar.cohen@credito.co.il
DALIA ENERGY,Real-Energy And Oil & Gas Exploration-Energy,1840,516269248,Israel,www.dalia-power.co.il/en                          ,0,DALIA ENERGY COMPANIES LTD,,074-7171300,074-7171308,yael@dpe.co.il
DAN HOTELS,Real-Commerce & Services-Hotels & Tourism,822,520023573,Israel,www.danhotels.com                                 ,4161568,DAN HOTELS  LTD.,,03-5203980,03-5204065,finance@danhotels.com
DANEL,Real-Commerce & Services-Services,314,520037565,Israel,www.edanel.co.il/about                            ,2694559,DANEL (ADIR YEOSHUA) LTD.,,03-7564032,03-7564031,ilanov@edanel.co.il
DANIEL DEPOSITS,Financial Instruments-Financial Instrument-Structured Bonds,2496,517122495,Israel,,0,DANIEL DEPOSITS LTD,,03-6931999,,tamar@rosairo-capital.co.il
DANYA CEBUS,Real-Real-Estate & Construction-Construction,1096,512569237,Israel,www.danya-cebus.co.il/en                          ,5785633,DANYA CEBUS LTD.,,03-5383838,03-6340340,mayas@d-c.co.il
DELEK AUTOMOTIV,Real-Commerce & Services-Commerce,829,520033291,Israel,,1993826,DELEK AUTOMOTIVE SYSTEMS LTD.,,08-9139804,08-9139946,r.bachar@delekmotors.co.il
DELEK GROUP,Real-Energy And Oil & Gas Exploration-Oil & Gas Exploration,1095,520044322,Israel,www.delek-group.com                               ,18580753,DELEK GROUP LTD.,,09-8638444,09-8854955,leorapl@delek-group.com
DELEK ISRAEL PR,Real-Real-Estate & Construction-Investment-Proerties In Israel,2387,516378643,Israel,delek-prop.co.il,874218,DELEK ISRAEL PROPERTIES (D.P.) LTD,,09-8638111,,yossif@delek.co.il
DELTA BRANDS,Real-Commerce & Services-Retail,1858,516250107,Israel,www.delta-israel.com/en                           ,2872881,DELTA ISRAEL BRANDS LTD,,076-8177229,076-8177280,tal.peretz@deltagalil.com
DELTA GALIL,Real-Industry-Fashion & Clothing,627,520025602,Israel,www.deltagalil.com                                ,4275350,DELTA-GALIL INDUSTRIES LTD.,,076-8177064,076-8177280,yaniv.benedek@deltagalil.com
DESTINY REAL ES,Real-Real-Estate & Construction-Investment-Proerties In Israel,2477,511794927,Israel,,0,DESTINY REAL ESTATE LTD,,050-2757461,,sivanj@giron.co.il
DIMRI,Real-Real-Estate & Construction-Construction,1193,511399388,Israel,www.yhdimri.com                                   ,10130765,Y.H.DIMRI CONTRUCTION & DEVELOPMENT LTD,,08-9939000,08-9944437,aviv@dimri.co.il
DIPLOMAT HOLDI.,Real-Commerce & Services-Commerce,1867,510400740,Israel,www.diplomat-global.com                           ,1441488,DIPLOMAT HOLDINGS LTD,,03-9766851,03-9766751,zvika@diplomat-global.com
DIRECT FINANCE,Finance-Financial Services-Non Banking Credit,1675,513893123,Israel,bit.ly/5555_investors,1589889,DIRECT FINANCE OF DIRECT GROUP (2006) LTD,,03-7215739,03-6282062,contact@5555.co.il
DISCOUNT BANK,Finance-Banks-Banks,691,520007030,Israel,www.investors.discountbank.co.il                  ,48111394,ISRAEL DISCOUNT BANK LTD.,,03-9439111,03-5171674,michal.sd@dbank.co.il
DISCOUNT INV.,Real-Real-Estate & Construction-Investment-Proerties In Israel,639,520023896,Israel,www.dic.co.il                                     ,1372296,DISCOUNT INVESTMENT CORP. LTD.,,03-6075888,03-6075889,investor.relations@dic.co.il
DISCOUNT MANPIK,Finance-Banks-Banks,748,520029935,Israel,,0,DISCOUNT MANPIKIM LTD,,076-8054499,03-5171674,naama.levi@dbank.co.il
DOR ALON,Real-Energy And Oil & Gas Exploration-Energy,1072,520043878,Israel,www.doralon.co.il,2923186,DOR ALON ENERGY IN ISRAEL (1988) LTD,,09-9618600,09-9514353,amir.listwand@doralon.co.il
DORAL ENERGY,High-Tech-Technology-Renewable Energy,1801,515364891,Israel,www.doral-energy.com/en                           ,11752212,DORAL GROUP RENEWABLE ENERGY RESOURCES LTD,,074-7876888,03-6111887,info@doral-energy.com
DORSEL HOLD,Real-Real-Estate & Construction-Investment-Proerties In Israel,2397,516597549,Israel,www.dorsel.co.il,522185,DORSEL HOLDINGS LTD,,074-7122880,,liors@dorsel.co.il
DUNIEC,Real-Real-Estate & Construction-Construction,400,520038605,Israel,www.dunietz.co.il,2494458,DUNIEC BROS. LTD.,,09-8638573,09-7734903,orly@dunietz.co.il
E&M,High-Tech-Technology-IT Services,382,520038514,Israel,www.emet.co.il                                    ,356637,E & M COMPUTING LTD.,,03-5766999,03-7513626,capitalmarket@emet.co.il
E.E.A.M.I-M,Real-Investment & Holdings-Inactive & Shell Companies,1823,514856772,Israel,,46333,E.E.A.M.I LTD,,03-6138686,03-6138585,asher@zamir-cpa.co.il
ECONERGY,High-Tech-Technology-Renewable Energy,1891,516339777,Israel,www.econergytech.com                              ,3875083,ECONERGY RENEWABLE ENERGY LTD.,,054-7680868,03-7770101,info@econergytech.com
EFFI CAP NADLAN,Real-Real-Estate & Construction-Construction,1979,513948216,Israel,www.efficapital.co.il,767465,EFFI CAPITAL NADLAN LTD,,03-6189001,03-6189002,info@efficapital.com
EL AL,Real-Commerce & Services-Services,1152,520017146,Israel,www.elal.co.il/en                                 ,10097116,EL AL ISRAEL AIRLINES LTD.,,03-9716202,03-9717334,corporate@elal.co.il
ELAD,High-Tech-Technology-IT Services,2463,510929177,Israel,,527069,ELAD SOFTWARE SYSTEMS LTD,,073-2330120,,office@elad.co.il
ELBIT IMAGING,Real-Real-Estate & Construction-Construction,1039,520043035,Israel,,93762,ELBIT IMAGING LTD.,,052-8370460,074-7446190,riki@elbitimaging.com
ELBIT SYSTEMS,High-Tech-Technology-Defence,1040,520043027,Israel,www.elbitsystems.com                              ,107923112,ELBIT SYSTEMS LTD.,,077-2945358,04-8316659,adi.pinchasconfino@elbitsystems.com
ELCO,Real-Investment & Holdings-Investment & Holdings,694,520025370,Israel,www.elco.co.il                                    ,4381470,ELCO LTD,,03-6939696,03-6939689,corpsecretary@elco.co.il
ELDAN TRANSPORT,Real-Commerce & Services-Services,1636,510454333,Israel,rent.eldan.co.il/en                               ,840060,ELDAN TRANSPORTATION LTD,,03-5654500,03-5654513,ron@eldan.co.il
ELECTRA,Real-Investment & Holdings-Investment & Holdings,739,520028911,Israel,www.electra.co.il/en                              ,8112400,ELECTRA LTD.,,03-7535676,03-7535677,corpsecretary@electra.co.il
ELECTRA CONSUME,Real-Commerce & Services-Retail,501,520039967,Israel,www.ecp.co.il/en                                  ,2196486,ELECTRA CONSUMER PRODUCTS (1970) LTD,,03-9530920,03-9612664,corpsecretary@ecp.co.il
ELECTRA REAL E.,Real-Real-Estate & Construction-Investment-Proerties Abroad,1264,510607328,Israel,www.electra-re.com                                ,3972435,ELECTRA REAL ESTATE LTD,,03-7101700,03-7101720,corpsecretary@ere.co.il
ELECTREON WIRE,High-Tech-Technology-Cleantech,368,520038126,Israel,www.electreon.com                                 ,822310,ELECTREON WIRELESS LTD,,055-5081093,03-7770101,barak.d@electreon.com
ELECTRIC CORP.,Real-Energy And Oil & Gas Exploration-Energy,600,520000472,Israel,www.iec.co.il/en                                  ,0,THE ISRAEL ELECTRIC CORP. LTD.,,076-8631555,072-3431804,ubz1d@iec.co.il
ELLA,Real-Real-Estate & Construction-Investment-Proerties In Israel,504,520040015,Israel,en.ella.co.il                                     ,0,ELLA R. CONSTRUCTION ENGINEERING AND INVESTMENTS LTD.,,02-6537133,02-6537134,nati@ella.co.il
ELLA DEPOSITS,Financial Instruments-Financial Instrument-Structured Bonds,1697,515666881,Israel,www.elladepo.co.il,0,ELLA DEPOSITS LTD,,03-6391474,03-7734007,frshlomi@elladepo.co.il
ELLOMAY CAPITAL,High-Tech-Technology-Renewable Energy,2101,520039868,Israel,www.ellomay.com                                   ,1107784,ELLOMAY CAPITAL LTD,,03-7971111,03-7971122,kaliaw@ellomay.com
ELMOR ELECTRIC,Real-Industry-Electrical,1704,511164907,Israel,www.el-mor.co.il/en                               ,840799,ELMOR ELECTRIC INSTALLATIONS & SERVICES (1986) LTD,,08-6789999,08-6712472,gal@el-mor.co.il
ELRON,High-Tech-Technology-Investments In High-Tech,749,520028036,Israel,www.elron.com                                     ,241860,ELRON VENTURES LTD,,03-6075555,03-6075556,info@elron.com
ELSPEC,Real-Industry-Electrical,1194,511297541,Israel,www.elspec-ltd.com                                ,99545,ELSPEC ENGINEERING LTD.,,04-6272470,04-6272465,hararyr@zahav.net.il
EMILIA DEVELOPM,Real-Investment & Holdings-Investment & Holdings,589,520014846,Israel,www.emilia.co.il/en                               ,812211,EMILIA DEVELOPMENT (O.F.G) LTD.,,03-7537777,04-8471171,kabalae@emilia.co.il
ENCORE,Real-Commerce & Services-Services,2352,2059088,Virgin Islands (US),,0,ENCORE OPPORTUNITIES LIMITED,,03-6089999,03-6089190,noa.regev@goldfarb.com
ENCORE PROP,Real-Real-Estate & Construction-Investment-Proerties Abroad,1683,1939883,Virgin Islands (UK),,0,"ENCORE PROPERTIES, LTD",,03-6089816,03-6089885,hod.mimun@goldfarb.com
ENERGEAN,Real-Energy And Oil & Gas Exploration-Oil & Gas Exploration,1762,10758801,England,www.energean.com                                  ,6951078,ENERGEAN PLC,,03-6715000,,akofman@energean.com
ENERGIX,High-Tech-Technology-Renewable Energy,1581,513901371,Israel,www.energix-group.com                             ,12765953,ENERGIX-RENEWABLE ENERGIES LTD,,03-5668855,03-5668822,sharon@energix-group.com
ENLIGHT ENERGY,High-Tech-Technology-Renewable Energy,720,520041146,Israel,www.enlightenergy.co.il                           ,29379933,ENLIGHT RENEWABLE ENERGY LTD.,,03-9008700,,helitm@enlightenergy.co.il
ENLIVEX,High-Tech-Biomed-Biotechnology,1780,514716489,Israel,www.enlivex.com                                   ,727114,ENLIVEX THERAPEUTICS LTD,,02-6208072,02-6208070,shachar@enlivexpharm.com
EPITOMEE,High-Tech-Biomed-Medical Devices,1998,513721803,Israel,www.epitomeemedical.com                           ,262027,EPITOMEE MEDICAL LTD,,074-7400799,04-8540519,office@epitomeemedical.com
EQUITAL,Real-Investment & Holdings-Investment & Holdings,755,520030859,Israel,,5591347,EQUITAL LTD.,,03-9229225,03-9229255,david.s@equital-group.com
ERECH FINANCE-M,Real-Investment & Holdings-Inactive & Shell Companies,1550,513947473,Israel,,5867,ERECH FINANCE CAHALACHA LTD,,073-2554444,073-2554433,erech@erech.co.il
ERIKA CARMEL,High-Tech-Biomed-Medical Devices,1920,514034123,Israel,www.bcurelaser.com                                ,21250,ERIKA CARMEL-TECH LTD,,052-6470032,04-6026880,gals@bcurelaser.co.il
ETGA GR0UP,Real-Commerce & Services-Services,1912,513764399,Israel,www.etga.co.il,639590,ETGA GROUP LTD,,03-6221875,03-5589397,tomera@etga.co.il
EVOGENE,High-Tech-Biomed-Biotechnology,1461,512838723,Israel,www.evogene.com                                   ,23914,EVOGENE LTD,,08-9311900,08-9466724,ofer.haviv@evogene.com
EXPORT INV.,Finance-Banks-Banks,704,520025156,Israel,,1057813,EXPORT INVESTMENT CO. LTD.,,03-5107476,03-5102786,lizzy@exportinvest.org
EXTELL LIMITED,Real-Real-Estate & Construction-Construction,1622,1811308,Virgin Islands (UK),www.extelldev.com                                 ,0,EXTELL LIMITED,,03-6111000,03-6133355,gbarnett@extelldev.com
FATTAL HOLDINGS,Real-Commerce & Services-Hotels & Tourism,1621,512607888,Israel,www.fattal-hotels.com                             ,10278821,FATTAL HOLDINGS (1998) LTD,,03-6081888,03-6081880,akas@fattal.co.il
FATTAL PROP,Real-Real-Estate & Construction-Investment-Proerties Abroad,1661,515328250,Israel,,0,FATTAL PROPERTIES (EUROPE)LTD,,03-6081888,03-6081880,pninabl@fattal.co.il
FEAT INVESTMENT,High-Tech-Technology-Foodtech,1850,540300522,Israel,,19082,FEAT FUND INVESTMENTS-LIMITED.PARTNERSHIP,,03-5493312,03-5402916,hyashar@featlp.com
FIBI BANK,Finance-Banks-Banks,593,520029083,Israel,www.fibi.co.il/en                                 ,28674325,FIRST INTERNATIONAL BANK OF ISRAEL LTD.,,03-5196223,03-5100316,mazkir@fibimail.co.il
FIBI HOLDINGS,Finance-Banks-Banks,763,520029026,Israel,,12504146,F.I.B.I. HOLDINGS LTD.,,03-6950649,03-6091753,kobi@fibiholdings.co.il
FIRE AND GAS,High-Tech-Technology-Electronics And Optics,1796,515615409,Israel,,223992,FIRE & GAS DETECTION TECHNOLOGIES LTD.,,03-9085085,,ocohen@flamegasdetection.com
FLYING SPARK-M,High-Tech-Technology-Foodtech,1868,515259307,Israel,www.flyingspark.com                               ,5021,FLYING SPARK LTD,,08-6339556,,hello@flyingspark.com
FMS,Real-Industry-Fashion & Clothing,315,520037284,Israel,www.fms.co.il                                     ,2390683,FMS ENTERPRISES MIGUN LTD,,03-9223206,03-9225427,fms@fms.co.il
FORESIGHT,High-Tech-Technology-Software And Internet,199,520036062,Israel,www.foresightauto.com                             ,19372,FORESIGHT AUTONOMOUS HOLDINGS LTD,,077-9709030,077-9709031,sivan@foresightauto.com
FORMULA,High-Tech-Technology-IT Services,256,520036690,Israel,www.formulasystems.com                            ,5854012,FORMULA SYSTEMS (1985) LTD.,,03-5389201,03-5389333,asafb@formula.co.il
FOX,Real-Commerce & Services-Retail,1140,512157603,Israel,www.foxgroup.co.il                                ,3958640,FOX-WIZEL LTD.,,03-9050100,03-9050200,shahar@fox.co.il
FRIDENSON,Real-Commerce & Services-Services,1403,510712466,Israel,en.fridenson.co.il                                ,116805,FRIDENSON LOGISTIC SERVICES LTD,,04-8416266,04-8418864,asaf@fridenson.co.il
G 1 SECU. SOLUT,Real-Commerce & Services-Services,1765,510095987,Israel,www.g1-group.com/about-us-en                      ,917915,G 1 SECURE SOLUTIONS LTD.,,03-6899224,03-6396637,sharon.bolandi@g1-group.com
G CITY,Real-Real-Estate & Construction-Investment-Proerties Abroad,126,520033234,Israel,www.gazitglobe.com                                ,1460223,G CITY LTD,,03-6948000,03-6961910,irgg@gazitgroup.com
G T,Real-Real-Estate & Construction-Investment-Proerties In Israel,2480,515763894,Israel,,0,G T REAL ESTATE LTD,,074-7680330,,eyal@trabelsi.biz
G.F.C GREEN,Real-Investment & Holdings-Inactive & Shell Companies,1568,514403120,Israel,,149962,G.F.C GREEN FIELDS CAPITAL LTD,,03-5689000,03-5689001,asher@zamir-cpa.co.il
G.P. GLOBAL-M,Real-Energy And Oil & Gas Exploration-Energy,1731,512821216,Israel,www.global-power.co.il/en                         ,255513,G.P. GLOBAL POWER LTD,,03-7588830,03-5324132,ronen@global-power.co.il
G.S.E DEPOSITS,Financial Instruments-Financial Instrument-Structured Bonds,2427,516816451,Israel,,0,G.S.E DEPOSITS LTD,,03-5213000,,noam@n-r-law.co.il
GABAY GROUP,Real-Real-Estate & Construction-Construction,2483,513609131,Israel,,0,"GABAY GROUP-CONSTRUCTION,DEVELOPMENT,MANAGMENT AND REAL",,03-5612055,03-6011550,oshri@gabaygroup.com
GABAY PROPERT,Real-Real-Estate & Construction-Construction,771,520032178,Israel,,0,GABAY PROPERTIES AND DEVELOPMENT LTD,,03-7655000,03-7655056,ronen@gabaymenivim.co.il
GAD DAIRIES,Real-Industry-Food,2509,511749574,Israel,,1219050,GAD DAIRIES MARKETING 1992 LTD,,03-5550222,,baruchs@gad-dairy.co.il
GAMA MANAGEMENT,Finance-Financial Services-Financial Services,1510,512711789,Israel,www.gamaf.co.il,0,GAMA MANAGEMENT AND CLEARING LTD,,03-6162939,03-6162941,jacobge@gamaf.co.il
GAN SHMUEL,Real-Industry-Food,532,520039934,Israel,www.ganshmuel.com                                 ,486360,GAN SHMUEL FOODS LTD.,,04-6320039,04-6320032,shoshig@ganshmuel.com
GAON GROUP,Real-Industry-Metal & Building Products,454,520025016,Israel,www.gaon.com/en                                   ,376286,GAON GROUP LTD.,,03-7954100,03-7954103,info@gaon.com
GAS LINES-INGL,Real-Commerce & Services-Services,1418,513436394,Israel,www.ingl.co.il/?lang=en                           ,0,ISRAEL NATURAL GAS LINES COMPANY LTD.,,03-6270400,03-5611320,frangi@ingl.co.il
GAV YAM,Real-Real-Estate & Construction-Investment-Proerties In Israel,759,520001736,Israel,www.gav-yam.co.il/en                              ,9263104,GAV-YAM LANDS CORP.LTD,,04-6644200,04-8533567,info@gav-yam.co.il
GEFFEN R&R,Real-Real-Estate & Construction-Construction,1532,512781386,Israel,,267243,GEFFEN RESIDENCE & RENEWAL LTD,,  08-9194464,  08-8523524,elad@geffenltd.co.il
GENCELL,High-Tech-Technology-Cleantech,1820,514579887,Israel,www.gencellenergy.com                             ,62612,GENCELL LTD,,03-7261616,03-7261617,info@gencellenergy.com
GENERATION CAPI,Real-Investment & Holdings-Investment & Holdings,1769,515846558,Israel,www.generationcapital.co.il/en                    ,2994309,GENERATION CAPITAL LTD,,072-2758900,072-2758900,generationir@generation.co.il
GESHEM,Real-Real-Estate & Construction-Construction,2440,515541415,Israel,,0,GESHEM LMISHTAKEN,,073-3679195,073-3672167,valeria@gl-re.co.il
GFI,Real-Real-Estate & Construction-Investment-Proerties Abroad,1639,1852623,Virgin Islands (UK),www.gficap.com                                    ,0,GFI REAL ESTATE LIMITED,,03-6089999,03-6089909,investorrelation@gficap.com
GIBUI HOLDINGS,Finance-Financial Services-Non Banking Credit,448,520039314,Israel,,8380,GIBUI HOLDINGS LTD.,,03-5107460,03-5107459,info@hosen-g.co.il
GILAD DEPOSITS,Financial Instruments-Financial Instrument-Structured Bonds,1736,515742930,Israel,www.elladepo.co.il,0,GILAD DEPOSITS LTD,,03-6391474,03-7734007,frshlomi@elladepo.co.il
GILAD MAY,Real-Real-Estate & Construction-Construction,1905,513177345,Israel,www.giladmay.co.il,0,"GILAD MAY INVESTMENTS,CONSTRUCTION&DEVELOPMENT",,09-9500813,09-7720288,law@giladmay.co.il
GILAT,High-Tech-Technology-Communications Equipment,2030,520038936,Israel,www.gilat.com                                     ,3397534,GILAT SATELLITE NETWORKS LTD.,,03-9252003,03-9252945,doronke@gilat.com
GILAT TELECOM,Real-Commerce & Services-Communications & Media,1006,520041674,Israel,www.gilat.net                                     ,170552,GILAT TELECOM GLOBAL LTD,,050-2029021,03-9255156,amib@gilat.net
GINEGAR,"Real-Industry-Chemical, Rubber & Plastic",1301,512416991,Israel,www.ginegar.com                                   ,127252,GINEGAR PLASTIC PRODUCTS LTD.,,04-6544222,04-6544211,gpp@ginegar.co.il
GIRON DEVELOP.,Real-Real-Estate & Construction-Investment-Proerties In Israel,1130,520044520,Israel,,0,GIRON DEVELOPMENT AND BUILDING LTD.,,09-7744111,09-7744114,info@giron.co.il
GIVOT,Real-Energy And Oil & Gas Exploration-Oil & Gas Exploration,506,550013189,Israel,www.givot.co.il/index.aspx?l=2                    ,79556,GIVOT OLAM OIL EXPLORATION-LIMITED PARTNERSHIP(1993),,073-3946040,073-3946041,givot@givot.co.il
GIX INTERNET,High-Tech-Technology-Software And Internet,744,520040262,Israel,www.gix-internet.com                              ,56795,GIX INTERNET LTD,,09-7741505,09-7741534,amihay@gix-internet.com
GLOBAL KNAFAIM,Real-Commerce & Services-Services,1559,513342444,Israel,www.gkl-leasing.com/en                            ,126731,GLOBAL KNAFAIM LEASING LTD,,03-6539999,03-6539977,knafaim@knafaim.co.il
GLOBAL PAY-M,Finance-Financial Services-Non Banking Credit,1070,520043001,Israel,www.globalpay.co.il,17519,GLOBAL PAY (P.C.S) LTD,,03-5257777,03-5257777,contact@pcsglobal.co.il
GLOBE ENERGY-M,Real-Energy And Oil & Gas Exploration-Oil & Gas Exploration,1548,550235295,Israel,www.goe.co.il                                     ,1068,GLOBE ENERGY RESOURES Y.C.D LIMITED PARNERSHIP,,03-6141856,03-6141857,contact@globe-er.com
GLOBRANDS GROUP,Real-Commerce & Services-Commerce,1741,515809499,Israel,www.globrands.co.il/en                            ,356268,GLOBRANDS GROUP LTD,,03-9483535,09-8336378,office@globrands.co.il
GOLAN INDUS,"Real-Industry-Chemical, Rubber & Plastic",1226,513029975,Israel,www.golanplastic.com,308087,GOLAN RENEWABLE INDUSTRIES LTD.,,077-9021000,077-9021010,golan@golan-plastic.com
GOLD,Real-Commerce & Services-Services,149,520034349,Israel,www.goldbond.co.il/?lang=en                       ,899716,THE GOLD BOND GROUP LTD.,,08-8547002,08-8523404,conterm@conterm.co.il
GOLDEN ENERGY,High-Tech-Technology-Cleantech,2156,520044264,Israel,www.qd-sol.com                                    ,68571,GOLDEN ENERGY POWER LTD,,03-3742282,03-3742282,info@qd-sol.com
GOLDEN HOUSE,Real-Real-Estate & Construction-Investment-Proerties In Israel,235,520034562,Israel,www.golden-house.co.il,162459,GOLDEN HOUSE LTD.,,03-6300888,03-6300700,sec@golden-house.co.il
GOLF,Real-Commerce & Services-Retail,1310,510289564,Israel,www.golfgroup.co.il/about                         ,288833,GOLF & CO GROUP LTD,,077-6047006,09-7690951,rami@golfco.co.il
GOTO,Real-Commerce & Services-Services,1939,516286887,Israel,www.gotoglobal.com/en/goto-israel                 ,27732,GOTO LTD,,072-2605012,,info.il@gotoglobal.com
GRACE BREEDING,High-Tech-Biomed-Biotechnology,1997,515254902,Israel,www.gracebreeding.com                             ,73285,GRACE BREEDING LTD,,052-6942992,,office@gracebreeding.com
GREYSTONE,Finance-Financial Services-Non Banking Credit,2453,2149898,Virgin Islands (UK),,0,GREYSTONE SENIOR DEBT BI LTD,,054-4216701,,ghazi.jaljoly@goldfarb.com
GROUP 107,High-Tech-Technology-Software And Internet,1960,516199445,Israel,www.group107.com                                  ,24002,GROUP 107 LTD,,03-7208200,03-7207953,contact@group107.com
HACHSHARA INSUR,Finance-Insurance-Insurance,1187,520042177,Israel,www.hcsra.co.il,0,HACHSHARA INSURANCE COMPANY LTD,,03-7962624,03-7967412,sagik@hcsra.co.il
HADASIT BIO-M,Real-Investment & Holdings-Inactive & Shell Companies,1294,513734590,Israel,www.hbl.co.il                                     ,4236,HBL - HADASIT BIO HOLDINGS LTD,,03-5670100,03-5670101,info@hbl.co.il
HAGAG EUROPE,Real-Real-Estate & Construction-Construction,1722,515682292,Israel,www.hagag-europe.com,858380,HAGAG EUROPE DEVELOPMENT Z.F.LTD,,03-5086802,077-3181752,alex@hagag-europe.com
HAGAG REAL EST,Real-Real-Estate & Construction-Construction,823,520033309,Israel,www.hagag-group.co.il/en/home                     ,1586361,HAGAG GROUP REAL ESTATE ENTREPRENEURSHIP LTD,,03-6081936,03-6952958,office@hagag-group.co.il
HAMAMA,Real-Commerce & Services-Commerce,1453,512398017,Israel,hamama.biz                                        ,86213,HAMAMA MEIR TRADING (1996) LTD.,,03-5195555,03-5107010,baruch.h@hamama.biz
HAMASHBIR 365,Real-Commerce & Services-Retail,1459,513389270,Israel,www.mashbir.co.il,201078,HAMASHBIR 365 LTD,,09-8926846,09-8926622,elia@m365mail.co.il
HAMAT,Real-Industry-Metal & Building Products,384,520038530,Israel,www.hamat.co.il/en/                               ,685240,HAMAT GROUP LTD.,,08-8513817,08-8562679,yairl@hamat.co.il
HAREL EXCH DEPO,Financial Instruments-Financial Instrument-Structured Bonds,1781,515989440,Israel,,0,HAREL EXCHANGE TRADED DEPOSIT LTD,,03-7546060,03-7546311,ofiro@harel-finance.co.il
HAREL INTERESTS,Financial Instruments-Financial Instrument-Structured Bonds,2457,516561875,Israel,,0,HAREL INTERESTS AND DEPOSITS LTD,,03-7546060,03-7546311,nofarbena@harel-finance.co.il
HAREL INVEST,Finance-Insurance-Insurance,585,520033986,Israel,www.harel-group.com                               ,34656710,HAREL INSURANCE INVESTMENTS & FINANCIAL SERVICES LTD.,,03-7547090,03-7547100,giladsh@harel-ins.co.il
HAREL ISSUES,Finance-Insurance-Insurance,1367,513834200,Israel,,0,HAREL INSURANCE FINANCE AND ISSUES LTD,,03-7547090,03-7547100,giladsh@harel-ins.co.il
HILAN,High-Tech-Technology-IT Services,1110,520039942,Israel,www.hilan.co.il/en                                ,4856606,HILAN LTD.,,03-6383333,03-6870088,baum@hilan.co.il
HILLA OFFICES,Real-Real-Estate & Construction-Investment-Proerties In Israel,1830,515164143,Israel,www.hillagroup.com,0,HILLA OFFICES TOWERS LTD,,09-9500025,09-9500026,reut@hillagroup.com
HIPER,High-Tech-Technology-IT Services,2369,516476835,Israel,www.hiper-global.com                              ,1207273,HIPER GLOBAL LTD,,03-9109105,03-9109106,capitalmarket@hiper-global.com
HIRON,Real-Real-Estate & Construction-Investment-Proerties In Israel,150,520034216,Israel,,1377306,HIRON-TRADE INVESTMENTS & INDUSTRIAL BUILDINGS LTD.,,03-6823665,03-6824165,yosi@hiron.co.il
HIVE 2040 R&D,High-Tech-Technology-Investments In High-Tech,1885,540303195,Israel,www.hive2040.com                                  ,4016,HIVE 2040 R&D LIMITED PARTNERSHIP,,03-6914564,03-6914567,laiza@avnongroup.com
HOD-ASSAF,Real-Industry-Metal & Building Products,351,520038449,Israel,www.hodmetal.co.il/en                             ,533531,HOD-ASSAF INDUSTRIES LTD.,,04-9015000,04-9552230,naorb@hodindustry.co.il
HOLMES PLACE,Real-Commerce & Services-Services,1706,512466723,Israel,www.holmesplace.co.il,676062,HOLMES PLACE INTERNATIONAL LTD,,09-7778800,09-7778824,shimshi@holmesplace.co.il
HOMEBIOGAS,High-Tech-Technology-Cleantech,1845,514739325,Israel,www.homebiogas.com                                ,24086,HOMEBIOGAS LTD,,077-9300416,077-4704868,yossihatan@homebiogas.com
HUMAN XTENSIO-M,Real-Investment & Holdings-Inactive & Shell Companies,1825,514707736,Israel,www.human-x.com                                   ,5860,HUMAN XTENSIONS LTD,,054-2281433,,asaf@human-x.com
I.B.I DEPO,Financial Instruments-Financial Instrument-Structured Bonds,2467,517071767,Israel,,0,I.B.I DEPOSITS BONDS,,052-5690594,,dani@dbu-finance.com
I.D.I INSURANCE,Finance-Insurance-Insurance,1608,513910703,Israel,www.555.co.il,3637334,I.D.I. INSURANCE COMPANY LTD,,03-5654021,03-5627257,pniot@yashir.co.il
I.D.I ISSUES,Finance-Insurance-Insurance,1566,514486042,Israel,,0,I.D.I ISSUES LTD,,03-5654021,03-5627257,pniot@yashir.co.il
I.S.A,Real-Real-Estate & Construction-Construction,2524,514481233,Israel,,0,I.S.A HOLDINGS LTD,,02-6447113,,office@isa-grp.com
IARGENTO,High-Tech-Technology-Investments In High-Tech,1842,540299351,Israel,www.iargento.com                                  ,6421,"IARGENTO HI TECH ASSETS, LIMITED PARTNERSHIP",,02-5853159,02-5853159,office@iargento.com
IBI INV HOUSE,Finance-Financial Services-Financial Services,175,520034356,Israel,www.ibi.co.il/en                                  ,5448784,I.B.I INVESTMENT HOUSE LTD,,03-5193444,03-5175411,dror@ibi.co.il
IBI TECH-FUND,High-Tech-Technology-High-Tech Funds,1715,,Israel,,350524,I.B.I. (5D) TECH FUND-HIGH TECHNOLOGY,,03-5193445,03-5193440,ori_b@ibi.co.il
IBI UNDERWRIT,Finance-Financial Services-Financial Services,1106,511819617,Israel,www.ibiui.co.il                                   ,395982,I.B.I.-MANAGING & UNDERWRITING LTD,,03-5193414,03-5175414,hitum@ibi.co.il
IC HOTELS,Real-Commerce & Services-Hotels & Tourism,1435,513600056,Israel,https://ichotels.co.il,1001615,ISRAEL CANADA HOTELS LTD,,076-5319200,,elad.kr@ichotels.co.il
ICL,"Real-Industry-Chemical, Rubber & Plastic",281,520027830,Israel,www.icl-group.com                                 ,21683302,ICL GROUP LTD,,03-6844400,03-6844444,contactus@icl-group.com
ICON GROUP,Real-Commerce & Services-Commerce,1993,513955252,Israel,www.icongroup.co.il,355247,ICON GROUP LTD,,03-9005311,03-9027791,rayaa@idigital.co.il
IDENTI HEALTH,High-Tech-Technology-Software And Internet,1921,515679405,Israel,www.identimedical.com                             ,27951,IDENTI HEALTHCARE LTD,,09-8354848,09-8656262,info@identimedical.com
IDOMOO,High-Tech-Technology-Software And Internet,1890,513973727,Israel,www.idomoo.com                                    ,67900,IDOMOO LTD,,077-2033227,077-2033226,ron.ela@idomoo.com
IES,Real-Real-Estate & Construction-Investment-Proerties In Israel,431,520039132,Israel,www.ies.com,2384457,IES HOLDINGS LTD.,,03-7133222,03-7133223,or.h@ies.com
ILD RENEWAL,Real-Real-Estate & Construction-Construction,1561,514423474,Israel,www.yeshuv.co.il,1095125,ISRAEL LAND DEVELOPMENT URBAN RENEWAL LTD,,03-7962224,03-7962226,kim@ildc.co.il
ILEX MEDICAL,Real-Commerce & Services-Commerce,1019,520042219,Israel,www.ilexmedical.com                               ,648463,ILEX MEDICAL LTD.,,03-9385501,03-9385809,talh@ilexmedical.com
IMAGESAT,High-Tech-Technology-Defence,2357,512737560,Israel,www.imagesatintl.com                              ,925099,IMAGESAT INTERNATIONAL (I.S.I) LTD.,,03-7960600,03-5163430,yuval.s@imagesatintl.com
IMCO,High-Tech-Technology-Defence,282,520037243,Israel,www.imco-ind.com                                  ,437766,IMCO INDUSTRIES LTD.,,04-9111020,04-9111024,miriam.d@imco-ind.com
IMED INFINITY,High-Tech-Biomed-Investments In Life Science,1833,540299518,Israel,,8680,IMED INFINITY MEDICAL-LIMITED PARTNERSHIP,,03-6075455,  03-6075456,itay.galor@innonation.io
INPLAY,Real-Energy And Oil & Gas Exploration-Oil & Gas Exploration,2530,2023950211,Canada,,1035621,INPLAY OIL CORP.,,03-6111000,03-6133355,info@inplayoil.com
INROM CONSTRUCT,Real-Industry-Metal & Building Products,1616,515001659,Israel,www.inrom-group.co.il/english                     ,3086253,INROM CONSTRUCTION INDUSTRIES LTD,,03-9718181,03-9718193,tair@inrom-group.co.il
INTER INDSTRIES,Real-Industry-Electrical,1028,520042458,Israel,www.interplus.co.il/en/home                       ,131469,INTER INDUSTRIES PLUS LTD,,04-6414501,04-6414300,adi.bar@interplus.co.il
INTERCURE,High-Tech-Biomed-Cannabis,1480,512051699,Israel,www.intercure.co                                  ,152670,INTERCURE LTD,,077-4605012,09-7680244,info@intercure.com
INTERGAMA,Real-Real-Estate & Construction-Investment-Proerties In Israel,174,520034380,Israel,www.intergama.co.il                               ,154458,INTER-GAMMA INVESTMENT LTD.,,09-9521890,09-9521800,ruth@intergama.co.il
INTERNA ISSUES,Finance-Banks-Banks,1153,513141879,Israel,,0,FIRST INTERNATIONAL ISSUES LTD.,,03-5196223,03-5100316,mazkir@fibimail.co.il
ISPRO,Real-Real-Estate & Construction-Investment-Proerties In Israel,2430,516291754,Israel,www.ispro.co.il,0,ISPRO LTD,,03-5672727,03-5672728,noam@ispro.co.il
ISRACARD,Finance-Financial Services-Financial Services,1773,510706153,Israel,digital.isracard.co.il,5298692,ISRACARD LTD,,03-6895166,03-6895374,ykweller@isracard.co.il
ISRAEL CANADA,Real-Real-Estate & Construction-Construction,434,520039298,Israel,www.israel-canada.co.il/en                        ,7609880,ISRAEL CANADA (T.R) LTD,,09-9549091,09-9518005,guy@canada-israel.com
ISRAEL CORP.,"Real-Industry-Chemical, Rubber & Plastic",576,520028010,Israel,www.israelcorp.com                                ,6889792,THE ISRAEL CORPORATION LTD.,,03-6844517,03-6844587,mayaak@israelcorp.com
ISRAEL OPPORT.,Real-Energy And Oil & Gas Exploration-Oil & Gas Exploration,1551,550236822,Israel,www.oilandgas.co.il/en                            ,91350,ISRAEL OPPORTUNITY ENERGY RESOURCES,,03-6116111,03-6116110,maya_g@oilandgas.co.il
ISRAEL PORTS,Real-Real-Estate & Construction-Investment-Proerties In Israel,1739,513569780,Israel,www.israports.org.il/en                           ,0,ISRAEL PORTS-DEVELOPMENT & ASSETS COMPANY,,03-5657905,03-5617142,ipc@israports.co.il
ISRAEL RAILWAYS,Real-Commerce & Services-Services,1641,520043613,Israel,www.rail.co.il/en                                 ,0,ISRAEL RAILWAYS CORPORATION LTD,,08-6831222,,pniyotz@rail.co.il
ISRAEL SHIPYARD,Real-Investment & Holdings-Investment & Holdings,1810,516084753,Israel,www.is-ind.com/?lang=en                           ,3902500,ISRAEL SHIPYARDS INDUSTRIES LTD,,04-8460469,04-8460470,aviadf@is-ind.com
ISRAIR GROUP,Real-Commerce & Services-Services,1238,510291750,Israel,www.israirairlines.com                            ,405019,ISRAIR GROUP LTD,,03-7955801,03-7955810,corporate@israir.co.il
ISRAMCO,Real-Energy And Oil & Gas Exploration-Oil & Gas Exploration,232,550010003,Israel,,6013307,ISRAMCO NEGEV 2 LIMITED PARTNERSHIP,,03-9229225,03-9229255,david.s@equital-group.com
ISRAS,Real-Real-Estate & Construction-Investment-Proerties In Israel,613,520017807,Israel,www.israsgroup.co.il,4644608,ISRAS INVESTMENT COMPANY LTD.,,03-7130200,03-5606955,johnatan@rassco.co.il
ISRAS HOLDINGS,Real-Real-Estate & Construction-Investment-Proerties In Israel,2435,516632387,Israel,,2568226,ISRAS HOLDINGS LTD,,03-7130200,03-5606955,johnatan@rassco.co.il
ISROTEL,Real-Commerce & Services-Hotels & Tourism,1032,520042482,Israel,www.isrotel.com                                   ,10154985,ISROTEL LTD.,,03-5197777,03-5104646,beckasaf@isrotel.co.il
ISSTA,Real-Commerce & Services-Hotels & Tourism,1036,520042763,Israel,www.issta.co.il,1838367,ISSTA LTD.,,03-7777300,03-7777301,eitanar@issta.co.il
ISTA ASSETS,Real-Real-Estate & Construction-Construction,2520,512553058,Israel,,0,ISTA ASSETS LTD,,03-7777396,,julioguetta@issta.co.il
JACOB FINANCE,Finance-Financial Services-Non Banking Credit,2364,514288661,Israel,,862168,JACOB FINANCE AND INVESTMENTS LTD,,074-7494900,074-7494922,noy@finance-ltd.com
JEEN AI TECH,High-Tech-Technology-Software And Internet,1370,510930787,Israel,www.jeen.ai                                       ,251865,JEEN AI TECHNOLOGIES LTD,,03-5733239,03-5733242,or@jeen.ai
JERUSALEM BANK,Finance-Banks-Banks,726,520025636,Israel,www.bankjerusalem.co.il/en                        ,1633896,BANK OF JERUSALEM L.T.D.,,076-8096000,076-8096019,tamirl@bankjerusalem.co.il
JERUSALEM ISSUA,Finance-Banks-Banks,1248,513682146,Israel,,0,JERUSALEM FINANCE & ISSUANCE (2005) LTD.,,076-8096000,076-8096019,tamirl@bankjerusalem.co.il
JORDAN ESHEL,Real-Real-Estate & Construction-Construction,2396,512061185,Israel,www.eshelltd.co.il,0,JORDAN ESHEL CONSTRUCTION & DEVELOPMENT LTD,,04-8217171,04-8214343,moran@eshelltd.co.il
JUNGO,High-Tech-Technology-Software And Internet,1929,514663335,Israel,www.jungo.com                                     ,27336,JUNGO CONNECTIVITY LTD,,09-9708607,,ir@jungo.com
KAFRIT,"Real-Industry-Chemical, Rubber & Plastic",522,520038787,Israel,www.kafrit.com                                    ,639300,KAFRIT INDUSTRIES (1993) LTD.,,08-6809845,08-6809846,kafrit@kafrit.co.il
KAMADA,High-Tech-Biomed-Biotechnology,1267,511524605,Israel,www.kamada.com                                    ,1584509,KAMADA LTD.,,08-9406472,08-9406473,mosheb@kamada.com
KARDAN ISRAEL,Real-Real-Estate & Construction-Construction,121,520033457,Israel,,748516,KARDAN ISRAEL LTD.,,03-6083444,03-6083434,naama@kardanre.co.il
KARDAN N.V-M,Real-Investment & Holdings-Investment & Holdings,1154,NV1239114,Holland,www.kardan.nl                                     ,590,KARDAN N.V.,,03-5114584,,ran@kardan.nl
KARDAN REAL EST,Real-Real-Estate & Construction-Construction,1083,520041005,Israel,www.kardan-nadlan.co.il,1038517,KARDAN REAL ESTATE ENTERPRISE AND DEVELOPMENT LTD,,03-6891200,03-6911661,ayelet@kardanre.co.il
KATA GROUP,Real-Real-Estate & Construction-Construction,2521,516829082,Israel,,0,KATA GROUP - GIL KATA LTD,,03-3731277,,hagai@katagroup.co.il
KENON HOLDINGS,Real-Energy And Oil & Gas Exploration-Energy,1635,201406588w,Singapore,www.kenon-holdings.com                            ,12985413,KENON HOLDINGS LTD,,03-7109191,03-5606555,barakc@kenon-holdings.com
KERUR,Real-Industry-Food,621,520001546,Israel,www.kerur-holdings.co.il,1120784,KERUR HOLDINGS LTD,,03-5689200,03-5689222,lior@jafora-tabori.co.il
KEYSTONE INFRA,Real-Investment & Holdings-Investment & Holdings,1904,515983476,Israel,www.keystoneisrael.com/en                         ,2921931,KEYSTONE INFRA LTD,,03-3770012,03-7524457,rachel@keystoneisrael.com
KLIL,Real-Industry-Metal & Building Products,797,520032442,Israel,www.klil.co.il/en/                                ,408586,KLIL INDUSTRIES LTD.,,04-9900200,04-9900255,mirit@klil.co.il
KNAFAIM,Real-Commerce & Services-Services,543,520040700,Israel,www.knafaim.co.il/en                              ,291359,KNAFAIM HOLDINGS LTD.,,03-6539999,03-6539977,knafaim@knafaim.co.il
LACHISH,Real-Industry-Metal & Building Products,826,520033317,Israel,www.rmhmixer.com                                  ,108045,LACHISH INDUSTRIES LTD.,,08-6891121,08-6899147,gershon@lachish.com
LAHAV,Real-Investment & Holdings-Investment & Holdings,136,520034257,Israel,www.lahavgroup.co.il/en                           ,2924837,LAHAV L.R. REAL ESTATE LTD,,09-9527700,09-8359108,dotan@lahavgroup.com
LAND DEV,Real-Real-Estate & Construction-Investment-Proerties In Israel,612,520020116,Israel,www.ildc.co.il/en                                 ,1555110,LAND DEVELOPMENT OF NIMRODI GROUP LTD,,03-7962224,03-7962226,kim@ildc.co.il
LANTERRA CANADA,Real-Real-Estate & Construction-Construction,2503,1001171286,Canada,,0,LANTERRA CANADA ENTERPRISES LIMITED PARTNERSHIP,,03-6111000,,itayy@shimonov.com
LAPIDOTH CAP.,Real-Investment & Holdings-Investment & Holdings,642,520022971,Israel,,5570924,LAPIDOTH CAPITAL LTD,,03-6417241,03-6417246,lapidoth@lapidoth.co.il
LAPIDOTH HELETZ,Real-Energy And Oil & Gas Exploration-Oil & Gas Exploration,1216,550217129,Israel,www.lapidoth.co.il                                ,98586,LAPIDOTH-HELETZ - LIMITD PARTNERSHIP,,03-6417241,03-6417246,lapidoth@lapidoth.co.il
LESICO,Real-Real-Estate & Construction-Construction,1680,510512056,Israel,www.lesico.com/?lang=en                           ,195572,LESICO LTD,,074-5505453,074-7500688,lesico@lesico.com
LEUMI BANK,Finance-Banks-Banks,604,520018078,Israel,english.leumi.co.il                               ,112929156,BANK LEUMI LE- ISRAEL B.M.,,076-8858111,076-8859732,david_s@bll.co.il
LEVI-M,Real-Real-Estate & Construction-Construction,719,520041096,Israel,,0,A.LEVI INVESTMENT & CONSTRUCTION LTD.,,04-6643000,04-8344439,mirna@a-levy.co.il
LEVINSKI OFER,Real-Real-Estate & Construction-Construction,200,520036005,Israel,www.levinski-ofer.co.il                           ,150626,LEVINSKI OFER LTD,,03-5001500,03-5750780,jonathan@lbt.co.il
LEVINSTEIN ENG,Real-Real-Estate & Construction-Construction,573,520033424,Israel,www.levinstein.co.il/en                           ,3080943,MESHULAM LEVINSTEIN CONSTRUCTING & ENGINEERING LTD,,03-7100200,03-7100222,ylotan@levinstein.co.il
LEVINSTEIN PROP,Real-Real-Estate & Construction-Investment-Proerties In Israel,1536,511134298,Israel,www.levinstein.co.il/about/                       ,0,LEVINSTEIN PROPERTIES LTD,,03-7100200,03-7100222,ylotan@levinstein.co.il
LIAM BUSINESS,Real-Real-Estate & Construction-Construction,2474,516586047,Israel,,0,LIAM ENGINEERING GROUP HARISH BUSINESS CENTER LTD,,03-5100827,,office1@liam.org.il
LIBENTAL,Real-Real-Estate & Construction-Construction,584,520032947,Israel,www.lbt.co.il,201703,A.LIBENTAL HOLDINGS LTD.,,03-6129988,03-5750780,jonathan@lbt.co.il
LIBRA,Finance-Insurance-Insurance,1926,515761625,Israel,www.lbr.co.il,791360,LIBRA INSURANCE COMPANY LTD,,073-3949222,073-3949229,tzahit@lbr.co.il
LIGHTSTON,Real-Real-Estate & Construction-Investment-Proerties Abroad,1630,1838682,Virgin Islands (UK),,0,LIGHTSTONE ENTERPRISES LIMITED,,03-6111000,03-6733355,thelightstonegroup@lightstonegroup.com
LINEAGE THERAP,High-Tech-Biomed-Biotechnology,1651,876343,USA,www.lineagecell.com                               ,1040494,LINEAGE CELL THERAPEUTICS INC.,,03-6073777,03-6073778,info@biotimeinc.com
LIVEPERSON,High-Tech-Technology-Software And Internet,1579,13-3861628,USA - Delaware,www.liveperson.com                                ,99526,LIVEPERSON INC.,,074-7004001,074-7004990,ilinvestors@liveperson.com
LIVING STONE,Real-Real-Estate & Construction-Investment-Proerties Abroad,2506,863439895,Holland,,0,LIVING STONE B.V.,,052-3577921,,daniel@livingstone-immo.nl
LODZIA,Real-Real-Estate & Construction-Investment-Proerties Abroad,753,520000779,Israel,,86679,LODZIA REAL ESTATE LTD.,,03-5171360,03-5171345,lodzia@lodzia.com
LUDAN,Real-Commerce & Services-Services,1050,520043381,Israel,www.ludan-group.com                               ,127924,LUDAN ENGINEERING CO. LTD.,,03-9182000,03-9182022,rome@ludan.co.il
LUDAN-TECH,High-Tech-Technology-Software And Internet,2491,517124475,Israel,,57554,LUDAN-TECH (L.K.) LTD,,03-9182000,03-9182022,rome@ludan.co.il
LUZON CREDIT,High-Tech-Technology-Software And Internet,666,520040965,Israel,www.tarya.co.il/en                                ,177819,LUZON CREDIT AND FINANCE LTD,,03-9107272,03-9107270,support@tarya.co.il
LUZON GROUP,Real-Real-Estate & Construction-Construction,473,520039660,Israel,www.luzongroup.co.il,2142037,AMOS LUZON DEVELOPMENT AND ENERGY GROUP LTD,,09-9705500,09-9705517,mail@luzongroup.co.il
LUZON RONSON,Real-Real-Estate & Construction-Construction,2429,24310225,Holland,www.luzongroup.co.il,1947365,LUZON RONSON N.V.,,09-9705500,09-9705517,mail@luzongroup.co.il
M.L.R.N,Finance-Financial Services-Non Banking Credit,1787,514097591,Israel,www.mlrn.co.il,438220,M.L.R.N PROJECTS AND TRADING LTD,,03-6424071,03-9012360,office@mlrn.co.il
M.W. INVES,Real-Real-Estate & Construction-Investment-Proerties In Israel,2398,510920879,Israel,,0,M.W. INVESTMENTS LTD,,03-9561152,03-9561156,guy@mweinberg.co.il
MAGIC,High-Tech-Technology-Software And Internet,2026,520036740,Israel,www.magicsoftware.com                             ,2845290,MAGIC SOFTWARE ENTERPRISES LTD.,,03-5389201,03-5389333,aberenstein@magicsoftware.com
MALAM TEAM,High-Tech-Technology-IT Services,156,520034620,Israel,www.malamteam.com/home                            ,2046547,MALAM-TEAM LTD.,,03-9278300,03-9278203,toker@malamteam.com
MALAM-TEAM HOLD,High-Tech-Technology-IT Services,731,520025198,Israel,,1076069,MALAM-TAEM HOLDINGS LTD.,,03-7130200,03-5606955,johnatan@rassco.co.il
MAMAN,Real-Commerce & Services-Services,238,520036435,Israel,en.maman-group.co.il                              ,0,MAMAN- CARGO TERMINALS & HANDLING LTD.,,03-9715300,03-9721733,maman@maman.co.il
MASLAVI,Real-Real-Estate & Construction-Construction,1484,512726712,Israel,www.matzlawi.co.il,342482,MASLAVI CONSTRUCTION COMPANY LTD.,,03-5384100,03-5338437,office@matzlawi.co.il
MASSIVIT,High-Tech-Technology-Robotics & 3d,1864,514919810,Israel,www.massivit3d.com                                ,32731,MASSIVIT 3D PRINTING TECHNOLOGIES LTD.,,08-6519486,08-6900758,noac@massivit.com
MATRICELF,High-Tech-Biomed-Biotechnology,1902,516016037,Israel,www.matricelf.com                                 ,154208,MATRICELF LTD,,052-4029178,08-8609591,info@matricelf.com
MATRIX,High-Tech-Technology-IT Services,445,520039413,Israel,www.matrix-globalservices.com                     ,6253004,MATRIX IT LTD.,,09-9598810,09-9598050,yifatg@matrix.co.il
MAX IT,Finance-Financial Services-Financial Services,1763,512905423,Israel,www.max.co.il,0,MAX IT FINANCE LTD,,03-6175499,,max-investorrilations@max.co.il
MAX STOCK,Real-Commerce & Services-Retail,1815,513618967,Israel,ir.maxstock.co.il/en                              ,4133192,MAX STOCK LTD.,,073-7695176,04-8241792,ifat@maxstock.co.il
MAYTRONICS,High-Tech-Technology-Robotics & 3d,1212,511527202,Israel,www.maytronics.com                                ,384974,MAYTRONICS LTD.,,04-6598111,04-6522485,amit.magen@maytronics.com
MDG,Real-Real-Estate & Construction-Investment-Proerties Abroad,1632,1840550,Virgin Islands (UK),,0,MDG REAL ESTATE GLOBAL LIMITED,,03-6089999,03-6089885,dmarx@atriabuilders.com
MEDI TOWER,Real-Real-Estate & Construction-Investment-Proerties In Israel,1614,512719485,Israel,www.migdalei.co.il/en                             ,2467599,MEDITERRANEAN TOWERS LTD,,073-2266411,073-2266410,info@meditowers.co.il
MEDIPOWER,Real-Real-Estate & Construction-Investment-Proerties Abroad,1433,123830,Cyprus,www.medipowergroup.com                            ,352846,MEDI POWER (OVERSEAS) PUBLIC CO LIMITED.,,079-9697032,  03-5670101,ron@medipowergroup.com
MEDIPRESS HEALT,High-Tech-Biomed-Investments In Life Science,1983,540305380,Israel,www.medipressventures.com                         ,8887,MEDIPRESS HEALTH-LIMITED PARTNERSHIP,,054-5331103,077-4206018,roee@rl-cpa.co.il
MEGA OR,Real-Real-Estate & Construction-Investment-Proerties In Israel,1450,513257873,Israel,www.megaor.co.il,17721356,MEGA OR HOLDINGS LTD,,08-9744880,08-9744898,megaor@megaor.co.il
MEGIDO,Real-Real-Estate & Construction-Construction,2458,510542855,Israel,,1048957,MEGIDO Y.K. LTD,,03-7525567,,office@megido.co.il
MEGUREIT,Real-Real-Estate & Construction-Investment-Proerties In Israel,1668,515434074,Israel,www.megureit.co.il,1341358,MEGUREIT ISRAEL LTD,,03-5007577,03-9442727,office@megureit.co.il
MEHADRIN,Real-Industry-Food,686,520018482,Israel,www.mehadrin.co.il                                ,1117043,MEHADRIN LTD.,,03-9371300,03-9371303,amaliao@mehadrin.co.il
MEITAV INVEST,Finance-Financial Services-Financial Services,1064,520043795,Israel,www.meitav.co.il,10854220,MEITAV INVESTMENT HOUSE LTD,,03-7903000,03-5169001,liat.cohen-david@meitav.co.il
MEITAV TRADE,Finance-Financial Services-Financial Services,2428,516854239,Israel,www.meitav.co.il,1270413,MEITAV TRADE INVESTMENTS LTD,,03-7903555,03-7903590,jonathan.mudrik@meitav.co.il
MEKOROT,Real-Commerce & Services-Services,1150,520010869,Israel,www.mekorot-int.com                               ,0,MEKOROT WATER COMPANY LTD,,03-6230555,03-6230833,yossic@mekorot.co.il
MELISRON,Real-Real-Estate & Construction-Investment-Proerties In Israel,323,520037789,Israel,www.melisron.co.il                                ,22019462,MELISRON LTD.,,09-9525555,09-9540893,info@melisron.co.il
MENARA VENTURES,High-Tech-Technology-Investments In High-Tech,1914,540304045,Israel,www.menaraventures.com                            ,7950,MENARA VENTURES XL-LIMITED PARTNERSHIP,,052-3576315,03-5330780,info@menaraventures.com
MENDELSON INFR,Real-Commerce & Services-Commerce,1247,513660373,Israel,www.mendelson.co.il/eng                           ,580831,MENDELSON INFRASTRUCTURES & INDUSTRIES LTD,,04-8464991,04-8464713,rahelb@mendelson.co.il
MENIF-FINANCIAL,Finance-Financial Services-Non Banking Credit,1828,512764408,Israel,www.menif.co.il/en                                ,1601239,MENIF-FINANCIAL SERVICES LTD,,03-6124005,03-6136943,maor@menif.co.il
MENIVIM REIT,Real-Real-Estate & Construction-Investment-Proerties In Israel,1679,515327120,Israel,www.menivim-reit.co.il/menivim-reit               ,1891383,MENIVIM-THE NEW REIT LTD,,072-2506090,072-2506190,office@menivim-reit.co.il
MENORA MIV HOLD,Finance-Insurance-Insurance,566,520007469,Israel,www.menoramivt.co.il/en                           ,31233103,MENORA MIVTACHIM HOLDINGS LTD,,03-7107801,03-7107633,shimoni@menora.co.il
MENORA MIV HON,Finance-Insurance-Insurance,1431,513937714,Israel,,0,MENORA MIVTACHIM GIUS HON LTD.,,03-7107801,03-7107633,shimoni@menora.co.il
MER,High-Tech-Technology-Defence,338,520037805,Israel,www.mer-group.com                                 ,552346,C. MER INDUSTRIES LTD.,,03-5572555,03-5567904,aviad_l@mer-group.com
MERAV DEPOSITS,Financial Instruments-Financial Instrument-Structured Bonds,2465,517081956,Israel,www.elladepo.co.il,0,MERAV DEPOSITS LTD,,03-6391474,03-7734007,frshlomi@elladepo.co.il
MERCANTILE HANP,Finance-Banks-Banks,1266,513686154,Israel,,0,MERCANTILE HANPAKOT LTD.,,076-8044999,076-8044522,meytalfr@mdb.co.il
MERCHAVIA HOLD,High-Tech-Biomed-Investments In Life Science,257,520036724,Israel,www.merchavia.com                                 ,37885,MERCHAVIA HOLDINGS AND INVESTMENTS LTD,,03-5788770,077-4701479,earad01@gmail.com
MESHEK ENERGY,Real-Energy And Oil & Gas Exploration-Energy,1803,516167343,Israel,www.mske.co.il/en                                 ,7375669,MESHEK ENERGY-RENEWABLE ENERGIES LTD,,09-7701551,03-6233600,office@mske.co.il
MIA DYNAMICS,High-Tech-Technology-Electronics And Optics,494,520039900,Israel,www.miadynamics.com                               ,208517,MIA DYNAMICS MOTORS LTD,,054-9279273,054-9279273,info@miadynamics.com
MICHLOL FINANCE,Finance-Financial Services-Non Banking Credit,1944,515763845,Israel,www.michlol-fin.co.il,763994,MICHLOL FINANCE,,03-5178800,03-3176600,talf@michlol-fin.co.il
MICHPAL,High-Tech-Technology-IT Services,2511,510996481,Israel,,811949,MICHPAL TECHNOLOGIES LTD,,03-5620191,,litalh@michpal.co.il
MIGDAL INS FUND,Finance-Insurance-Insurance,1597,513230029,Israel,,0,MIGDAL INSURANCE FUNDS RAISING LTD,,076-8868962,03-9238988,migdalcapital@migdal.co.il
MIGDAL INSUR.,Finance-Insurance-Insurance,1041,520029984,Israel,www.migdal.co.il/en                               ,19836526,MIGDAL INSURANCE & FINANCIAL HOLDINGS LTD.,,076-8868962,03-9238988,migdalhold@migdal.co.il
MILLENNIUM FDTC,High-Tech-Technology-Foodtech,1806,540288149,Israel,www.millennium-ft.com/en                          ,10865,MILLENNIUM FOOD-TECH-LIMITED PARTNERSHIP,,054-6470945,073-2407038,oren@millennium-ft-com
MINRAV,Real-Real-Estate & Construction-Construction,155,520034505,Israel,www.minrav.co.il/en                               ,0,MINRAV GROUP LTD.,,08-8516262,08-8521295,holdings@minrav.co.il
MIRLAND-M,Real-Real-Estate & Construction-Construction,1502,HE153919,Cyprus,www.mirland-development.com                       ,638,MIRLAND DEVELOPMENT CORPORATION PLC,,03-5670100,03-5670101,office@mirland-development.com
MISHORIM,Real-Real-Estate & Construction-Investment-Proerties Abroad,1467,511491839,Israel,www.mishorim.com/en                               ,166107,MISHORIM REAL ESTATE INVESTMENTS LTD,,03-7217800,03-7217801,office@mishorim.com
MIVNE,Real-Real-Estate & Construction-Investment-Proerties In Israel,226,520024126,Israel,www.mivnegroup.co.il,10170345,MIVNE REAL ESTATE (K.D) LTD,,03-9070000,03-9070190,info@mivnegroup.co.il
MIVTACH SHAMIR,Real-Investment & Holdings-Investment & Holdings,127,520034125,Israel,www.msgroup.co.il/en                              ,4112678,MIVTACH SHAMIR HOLDINGS LTD.,,03-7684949,03-6442099,limor@msgroup.co.il
MIZRAHI TEFAHOT,Finance-Banks-Banks,695,520000522,Israel,www.mizrahi-tefahot.co.il/en                      ,63768387,MIZRAHI TEFAHOT BANK LTD.,,03-7559720,03-7559923,management@umtb.co.il
MIZRAHI TF ISSU,Finance-Banks-Banks,231,520032046,Israel,,0,MIZRAHI TEFAHOT ISSUING COMPANY LTD,,03-7559017,03-7559195,saadiaa@umtb.co.il
MODIIN,Real-Energy And Oil & Gas Exploration-Oil & Gas Exploration,345,550012405,Israel,www.modiin-energy.com/en                          ,25346,MODIIN ENERGY-LIMITED PARTNERSHIP,,073-2683611,073-2683615,office@modiin-energy.com
MORE INVEST.,Finance-Financial Services-Financial Services,1692,513834606,Israel,www.moreinvest.co.il/en                           ,3297135,Y.D. MORE INVESTMENTS LTD,,074-7811111,074-7811920,ir-more@more.co.il
MORE PENSION,Finance-Financial Services-Financial Services,2358,514956465,Israel,www.moreinvest.co.il/en                           ,2052291,MORE PROVIDENT FUNDS AND PENSION LTD,,074-7811111,074-7811920,ir-more@more.co.il
MRR,Real-Real-Estate & Construction-Investment-Proerties Abroad,1756,1983001,Virgin Islands (UK),,0,MRR THIRTEEN LIMITED,,212-7541313,212-7541313,cfo@mrrcapital.com
MULTI RETAIL,Real-Commerce & Services-Retail,1738,515546224,Israel,www.ace.co.il,206398,MULTI RETAIL GROUP LTD,,03-9051906,1533-9051906,galitf@ace.co.il
MY TOWN,Real-Real-Estate & Construction-Construction,2449,514444660,Israel,https://my-town.co.il,0,MY TOWN GROUP,,03-9738383,,info@my-town.co.il
MYDAS INVEST,Real-Real-Estate & Construction-Investment-Proerties In Israel,544,520039496,Israel,,42495,MYDAS REAL ESTATE INVESTMENTS LTD,,03-7684150,03-7684153,shelly@mydas.co.il
NAMCO REALTY,Real-Real-Estate & Construction-Investment-Proerties Abroad,1665,1905761,Virgin Islands (UK),,0,NAMCO REALTY LTD,,03-6123939,03-6125030,info@usrer.com
NAPHTHA,Real-Energy And Oil & Gas Exploration-Oil & Gas Exploration,643,520020942,Israel,,2551049,NAPHTHA ISRAEL PETROLEUM CORP. LTD.,,03-9229225,03-9229255,david.s@equital-group.com
NAVITAS PETRO,Real-Energy And Oil & Gas Exploration-Oil & Gas Exploration,1688,550263107,Israel,www.navitaspet.com                                ,15521939,"NAVITAS PETROLEUM,LIMITED PARTNERSHIP",,09-7883680,09-7883687,meital@navitaspet.com
NAWI,Finance-Financial Services-Non Banking Credit,208,520036070,Israel,www.nawigroup.com,1817740,NAWI GROUP LTD,,03-5102585,  03-5161505,aviv@nawigroup.com
NAYAX,High-Tech-Technology-Software And Internet,1894,513639013,Israel,www.nayax.com                                     ,6427912,NAYAX LTD.,,03-7694380,09-8644201,galom@nayax.com
NETANEL GROUP,Real-Real-Estate & Construction-Construction,421,520039074,Israel,www.netanel.co.il/en                              ,322192,NETANEL GROUP LTD.,,03-5059998,03-5012276,dani@netanel.co.il
NETANEL MENIVI,Real-Real-Estate & Construction-Investment-Proerties In Israel,2412,516235918,Israel,,92007,NETANEL MENIVIM LTD,,03-5059998,03-5012276,dani@netanel.co.il
NETO,Real-Industry-Food,168,520034109,Israel,www.neto.org.il/en                                ,1110305,NETO M.E HOLDINGS LTD.,,08-8608585,08-8503086,ora@em-neto.co.il
NETO MALINDA,Real-Commerce & Services-Commerce,1463,511725459,Israel,www.neto.org.il/en                                ,3872452,NETO MALINDA TRADING LTD,,08-8608500,08-8503086,ora@em-neto.co.il
NETZ USA,Real-Real-Estate & Construction-Investment-Proerties Abroad,2475,2168644,Virgin Islands (UK),,0,NETZ USA LTD,,054-4684144,,tsahi@netzgroup.com
NEWMED ENERG PU,Real-Energy And Oil & Gas Exploration-Oil & Gas Exploration,475,550013098,Israel,www.newmedenergy.com                              ,24755752,NEWMED ENERGY-LIMITED PARTNERSHIP,,09-9712424,09-9712425,info@newmedenergy.com
NEXT VISION,High-Tech-Technology-Defence,1916,514259019,Israel,www.nextvision-sys.com                            ,30315160,NEXT VISION STABILIZED SYSTEMS,,077-5342041,077-5442040,chen.g@nextvision-sys.com
NEXTAGE,High-Tech-Biomed-Biotechnology,433,520039181,Israel,www.nxtg.co.il                                    ,63266,NEXTAGE THERAPEUTICS LTD,,073-2244440,073-2244445,ornad@nextar.co.il
NEXTCOM,Real-Commerce & Services-Services,1298,511687568,Israel,www.nextcomgroup.com/en                           ,118858,NEXTCOM LTD,,073-2320200,04-9830797,info@nextcomgroup.com
NEXTFERM-M,Real-Investment & Holdings-Inactive & Shell Companies,1841,514999952,Israel,www.nextferm.com                                  ,35444,NEXTFERM TECHNOLOGIES LTD,,077-9988100,077-9988111,uri@cfo.co.il
NEXTGEN-M,Real-Investment & Holdings-Inactive & Shell Companies,1092,520044470,Israel,,7695,NEXTGEN BIOMED LTD,,054-6641812,09-8849441,harel.hershtik@gmail.com
NICE,High-Tech-Technology-Software And Internet,273,520036872,Israel,www.nice.com                                      ,22258523,NICE LTD,,09-7753777,03-7753379,ir@nice.com
NISSAN,Real-Industry-Wood & Paper,660,520040940,Israel,,87929,NISSAN MEDICAL INDUSTRIES LTD.,,054-4334461,03-6470293,moshe@nissan-medical.co.il
NOFAR ENERGY,High-Tech-Technology-Renewable Energy,1831,514599943,Israel,www.nofar-energy.com                              ,6382886,O.Y. NOFAR ENERGY LTD,,09-3750003,08-3750061,ofer@nofar-energy.co.il
NORSTAR HOLDING,Real-Real-Estate & Construction-Investment-Proerties Abroad,723,44528798375,Panama,,468703,NORSTAR HOLDINGS INC,,03-6103100,03-6103111,meitar@meitar.co.il
NOVA,High-Tech-Technology-Semiconductors,2177,511812463,Israel,www.novami.com                                    ,42184554,NOVA LTD,,073-2295600,08-9407776,info@novami.com
NOVOLOG,Real-Commerce & Services-Services,1677,510475312,Israel,www.novolog.co.il/en                              ,605897,NOVOLOG (PHARM-UP 1966) LTD,,08-6604400,08-6604404,yanivv@novolog.co.il
NRGENE TECH,High-Tech-Technology-Software And Internet,1839,514240779,Israel,www.nrgene.com                                    ,33171,NRGENE TECHNOLOGIES LTD,,072-2203750,08-6489897,corporate.secretary@nrgene.com
NUR INK,High-Tech-Technology-Electronics And Optics,1893,515926475,Israel,www.nur-ink.com                                   ,102673,NUR INK INNOVATIONS LTD,,054-2424755,03-9073033,info@nur-ink.com
O.R.T,High-Tech-Technology-Investments In High-Tech,1135,513057588,Israel,www.ortechno.com                                  ,44359,O.R.T TECHNOLOGIES LTD.,,073-2678933,073-2678939,lbensimon@ortechno.com
OFEK GROUP,Real-Real-Estate & Construction-Construction,2488,515227585,Israel,,0,OFEK GROUP P.H.A. INVESTMENT LTD,,03-3733881,,office@ofek-invest.co.il
OMER CONS,Real-Real-Estate & Construction-Construction,2522,511145468,Israel,www.omer-bldg.co.il,1593822,OMER CONSTRUCTION AND ENGINEERING LTD,,03-7353600,,tase@omer-bldg.co.il
ONE TECHNOLOGI,High-Tech-Technology-IT Services,161,520034695,Israel,www.one1.co.il/en                                 ,4691351,ONE SOFTWARE TECHNOLOGIES LTD,,03-9767800,03-9767801,kobih@one1.co.il
OPAL BALANCE,Finance-Financial Services-Non Banking Credit,1287,513734566,Israel,www.opalbalance.co.il,361727,OPAL BALANCE INVESTMENTS LTD,,08-8531531,08-8563398,eyal@opalbalance.co.il
OPC ENERGY,Real-Energy And Oil & Gas Exploration-Energy,1682,514401702,Israel,www.opc-energy.com/en                             ,29134940,OPC ENERGY LTD,,073-2505600,073-2505606,shiran.kislasi@opc-energy.com
OPKO,High-Tech-Biomed-Investments In Life Science,1610,2279206,USA - Delaware,www.opko.com                                      ,2483422,"OPKO HEALTH,INC.",,08-9300051,08-9543101,gfaibish@opko.com
OR SHAY,Finance-Financial Services-Non Banking Credit,1696,513547224,Israel,www.orshay.com,0,OR SHAY G.S LTD,,03-5172211,03-5101166,info@orshay.com
ORAD,Real-Investment & Holdings-Investment & Holdings,1451,512499344,Israel,www.orad.cc/en                                    ,137813,ORAD LTD,,03-5576666,03-5576525,eyal.eldan@orad.cc
ORAMED,High-Tech-Biomed-Biotechnology,1691,980376008,USA - Delaware,www.oramed.com                                    ,390199,ORAMED PHARMACEUTICALS INC.,,02-5660001,02-5660004,office@oramed.com
ORBIT,High-Tech-Technology-Defence,265,520036153,Israel,www.orbit-cs.com                                  ,1054597,ORBIT TECHNOLOGIES LTD.,,09-8922777,09-8922800,orbit-ir@orbit-cs.com
ORIAN,Real-Commerce & Services-Services,1425,511068256,Israel,en.orian.com                                      ,495148,ORIAN SH.M. LTD.,,08-9181812,08-9208666,meirav.wolkinson@orian.com
ORION,Real-Real-Estate & Construction-Investment-Proerties Abroad,2518,517199469,Israel,,59400,ORION RETAIL PROPERTIES LTD,,03-6103900,,meitar@meitar.com
ORMAT TECHNO.,High-Tech-Technology-Renewable Energy,2250,880326081,USA - Delaware,www.ormat.com                                     ,21038540,"ORMAT TECHNOLOGIES,INC",,08-9433777,08-9439901,ormat@ormat.com
ORON GROUP,Real-Real-Estate & Construction-Construction,1644,513432765,Israel,en.oron-group.co.il                               ,1283308,ORON GROUP INVESTMENTS & HOLDINGS LTD,,08-6295000,08-6270051,oron@oron-group.com
OVERSEAS,Real-Commerce & Services-Services,1671,510490071,Israel,www.ovrs.co.il,301010,OVERSEAS COMMERCE LTD.,,08-8518333,08-8531625,ovrs@ovrs-comr.co.il
P.C.B.,High-Tech-Technology-Electronics And Optics,1221,511888356,Israel,www.pcb-technologies.com                          ,1024094,P.C.B. TECHNOLOGIES LTD.,,04-6544300,04-6544302,tomerd@pcb-technologies.com
PACIFIC OAK,Real-Real-Estate & Construction-Investment-Proerties Abroad,1662,1900288,Virgin Islands (UK),,0,"PACIFIC OAK SOR (BVI) HOLDINGS, LTD",,03-6111000,03-6133355,pmcmillan@pac-oak.com
PAI DEPOSITS,Financial Instruments-Financial Instrument-Structured Bonds,2420,516807336,Israel,,0,PAI DEPOSITS AND STRUCTURED PRODUCTS LTD,,  03-3732091,03-3732102,itay@pi-deposits.com
PALO ALTO,High-Tech-Technology-Software And Internet,2538,3932466,USA - Delaware,,0,PALO ALTO NETWORKS INC,,074-7265000,,legal@paloaltonetworks.com
PALRAM,"Real-Industry-Chemical, Rubber & Plastic",644,520039843,Israel,www.palram.com                                    ,1398437,PALRAM INDUSTRIES (1990) LTD.,,04-8459900,04-8444012,yifat.licht@palram.com
PARKOMAT INT.,High-Tech-Technology-Robotics & 3d,2391,514259183,Israel,www.parkomat.co.il,68912,PARKOMAT INTERNATIONAL LTD,,08-6484849,,info@parkomat.co.il
PARTNER,Real-Commerce & Services-Communications & Media,2095,520044314,Israel,www.partner.co.il/en/                             ,7461991,PARTNER COMMUNICATIONS COMPANY LTD.,,054-7814455,054-7814123,executiveoffices@partner.co.il
PAYMENT,High-Tech-Technology-Software And Internet,1977,515166544,Israel,www.payment-pay.co.il,292763,PAYMENT FINANCIAL TECHNOLOGIES LTD,,03-5511177,077-4702000,cr@payment-pay.co.il
PAYTON,High-Tech-Technology-Electronics And Optics,412,520038951,Israel,www.paytongroup.com                               ,551231,PAYTON INDUSTRIES LTD.,,03-9616601,03-9616677,michal@paytongroup.com
PAZ ENERGY,Real-Energy And Oil & Gas Exploration-Energy,1363,510216054,Israel,www.paz.co.il/he-il/home,8768391,PAZ RETAIL AND ENERGY LTD.,,09-8631103,09-9562159,anatr@paz.co.il
PEAKHILL,Finance-Financial Services-Non Banking Credit,2505,1001251204,Canada,,0,PEAKHILL MORTGAGE INCOME LP,,03-6089802,,hod.mimun@goldfarb.com
PENINSULA,Finance-Financial Services-Non Banking Credit,333,520033713,Israel,www.peninsula.co.il/en                            ,831488,PENINSULA GROUP LTD,,03-5650100,03-5650121,nissiml@peninsula.co.il
PENTHOUSE,Real-Commerce & Services-Hotels & Tourism,2497,511400723,Israel,,0,PENTHOUSE-INVESTMENTS AND CONSTRUCTING CO. LTD,,02-6588600,,lior@phouse.co.il
PERION NETWORK,High-Tech-Technology-Software And Internet,2240,512849498,Israel,www.perion.com                                    ,1123551,PERION NETWORK LTD.,,073-3981000,03-6445502,investors@perion.com
PETROCHEMICAL,Real-Energy And Oil & Gas Exploration-Energy,756,520029315,Israel,,201868,ISRAEL PETROCHEMICAL ENTERPRISES LTD.,,03-6955559,03-6964111,rafi@israel-petro.co.il
PETROLEUM ENRGY,Real-Energy And Oil & Gas Exploration-Energy,1809,520027293,Israel,www.pei.co.il/?langid=2                           ,0,ENERGY INFRASTRUCTURES LTD,,09-9528535,09-9528119,eli_z@pei.co.il
PETROTX,Real-Energy And Oil & Gas Exploration-Oil & Gas Exploration,1369,550222764,Israel,www.petrotxlp.com                                 ,9275,PETROTX- LIMITED PARTNERSHIP,,03-9610633,03-9610633,yossi@petrotx.com
PHINERGY,High-Tech-Technology-Cleantech,1843,514354786,Israel,www.phinergy.com                                  ,334996,PHINERGY LTD,,08-9137900,08-9157234,info@phinergy.com
PHOENIX,Finance-Insurance-Insurance,767,520017450,Israel,investor-relations.fnx.co.il                      ,42660447,PHOENIX FINANCIAL LTD,,03-7332997,03-7238855,menin@fnx.co.il
PHOENIX CAPITAL,Finance-Insurance-Insurance,1527,514290345,Israel,,0,PHOENIX CAPITAL RAISING (2009)LTD,,03-7332991,03-7238855,menin@fnx.co.il
PHOTOMYNE,High-Tech-Technology-Software And Internet,1873,515154441,Israel,www.photomyne.com                                 ,53461,PHOTOMYNE LTD,,03-9445639,,investors@photomyne.com
PI INTEREST,Financial Instruments-Financial Instrument-Structured Bonds,2500,517149548,Israel,,0,PI INTEREST RATES LTD,,052-8848053,,itayr@complex-nf.com
PI PLUS,Financial Instruments-Financial Instrument-Structured Bonds,2454,516901774,Israel,,0,PI PLUS DEPOSITS LTD,,03-3732091,,dan.rosenberg@pi-hf.com
PIE SIAM,Real-Commerce & Services-Hotels & Tourism,2344,513978635,Israel,,691960,PIE SIAM LTD,,072-2155222,072-2155210,nafwein@piesiam.co.il
PLASSON INDUS,"Real-Industry-Chemical, Rubber & Plastic",1057,520042912,Israel,www.plasson.com                                   ,1596418,PLASSON INDUSTRIES LTD.,,04-6394711,04-6243227,amos.ram@plasson.com
PLASTO CARGAL,Real-Industry-Wood & Paper,727,520041161,Israel,www.cargal.co.il/en                               ,47632,PLASTO-CARGAL GROUP LTD,,08-9275777,08-9275700,manage@cargal.co.il
PLASTOPIL,"Real-Industry-Chemical, Rubber & Plastic",1240,513681247,Israel,www.plastopil.com                                 ,113767,PLASTOPIL HAZOREA COMPANY LTD.,,04-9598800,04-9894250,igal_f@plastopil.com
PLAZA CENTERS,Real-Real-Estate & Construction-Construction,1476,33248324,Holland,www.plazacenters.com                              ,11792,PLAZA CENTERS N.V,,31203449560,31203449561,beaholding@planet.nl
PLURI,High-Tech-Biomed-Biotechnology,1569,C12337-2001,USA - Delaware,www.pluri-biotech.com                             ,113447,PLURI INC.,,074-7107171,074-7107172,info@pluri-biotech.com
POALIM BANK,Finance-Banks-Banks,662,520000118,Israel,www.bankhapoalim.com                              ,105581142,BANK HAPOALIM B.M.,,03-5673800,03-5674576,gilad.bloch@poalim.co.il
POLYGON,Real-Real-Estate & Construction-Investment-Proerties In Israel,745,520029562,Israel,,299339,POLYGON REALESTATE LTD.,,073-2333900,077-4703228,nir.s@polygon.co.il
POLYRAM,"Real-Industry-Chemical, Rubber & Plastic",1822,515251593,Israel,www.polyram-group.com                             ,1025404,POLYRAM PLASTIC INDUSTRIES LTD,,04-6599999,04-6499763,netanel@polyram-group.com
POMVOM,High-Tech-Technology-Software And Internet,1861,515236735,Israel,www.pomvom.com                                    ,18670,POMVOM LTD,,03-5772022,,investments@pomvom.com
POWERGEN SOL A,High-Tech-Technology-Renewable Energy,1405,512882747,Israel,,0,POWERGEN SOLAR A LTD,,03-6553208,03-6553208,powergen@power-gen.co.il
PRASHKOVSKY,Real-Real-Estate & Construction-Construction,1330,513817817,Israel,www.prashkovsky.co.il,3915324,PRASHKOVSKY INVESTMENTS AND CONSTRUCTION LTD,,03-9561889,03-9561831,ashi@ashi.co.il
PRASHKOVSKY GR,Real-Real-Estate & Construction-Construction,2487,510925043,Israel,,0,PRASHKOVSKY GROUP LTD,,03-5103880,03-5106498,nurit@prashko.com
PRIME ENERGY,High-Tech-Technology-Renewable Energy,1871,514902147,Israel,www.prime-nergy.com                               ,1196111,PRIME ENERGY P.E. LTD,,079-3002914,079-3002914,info@prime-nergy.com
PRIMOTEC,Real-Commerce & Services-Commerce,1872,516292992,Israel,www.klir.co.il/en/home                            ,215084,PRIMOTEC GROUP LTD,,08-6404040,08-6404048,eliz@klir.co.il
PRIORTECH,High-Tech-Technology-Semiconductors,328,520037797,Israel,www.priortech.com                                 ,3031061,PRIORTECH LTD,,03-5402181,,droro@priortech.com
PROPDO,Real-Real-Estate & Construction-Construction,2389,516202736,Israel,www.propdo.com,152939,PROPDO LTD,,074-7600888,074-7600889,contact@propdo.com
PROPERT.& BUIL.,Real-Real-Estate & Construction-Investment-Proerties In Israel,699,520025438,Israel,www.pbc.co.il/en                                  ,3217486,PROPERTY AND BUILDING CORP. LTD.,,03-5672777,03-5672776,admin@pbc.co.il
PROSPECT,Finance-Financial Services-Non Banking Credit,2514,43-2048643,USA,,3855944,PROSPECT CAPITAL CORPORATION,,03-6089802,,pl@prospecstreet.com
PSYRX BIO-TECH,High-Tech-Biomed-Biotechnology,1911,515949337,Israel,www.psyrx.co,12343,PSYRX CNS BIO-TECH LTD,,03-5670100,03-5670101,itay@psyrx.co
PULSENMORE,High-Tech-Biomed-Medical Devices,1895,515139129,Israel,www.pulsenmore.com                                ,104501,PULSENMORE LTD,,054-4499606,08-6900466,michaelh@pulsenmore.com
PURPLE BIOTECH,High-Tech-Biomed-Biotechnology,765,520031238,Israel,www.purple-biotech.com                            ,18585,PURPLE BIOTECH LTD,,03-9333121,03-5097196,ir@purple-biotech.com
QUALITAU,High-Tech-Technology-Semiconductors,1093,511896540,Israel,www.qualitau.com                                  ,3005749,QUALITAU LTD.,,08-9404427,08-9404516,eranm@qualitau.com
QUEENCO,Real-Commerce & Services-Hotels & Tourism,386,520038266,Israel,www.queenco.com                                   ,205984,(Y.Z)QUEENCO LTD,,03-7566555,03-7566500,arieh@queenco.co.il
R.G.A.,Real-Commerce & Services-Services,2489,511181174,Israel,www.rga.co.il,384380,R.G.A. SERVICES ISRAEL 1987 LTD,,03-6475020,03-6474041,inforga@rga.co.il
RALCO,Real-Commerce & Services-Commerce,393,520038183,Israel,www.ralco.co.il/en/about                          ,174138,RALCO AGENCIES LTD.,,03-6508282,03-6508281,eli@ralco.co.il
RAM ADERET,Real-Real-Estate & Construction-Construction,2418,512947185,Israel,www.ram-aderet.co.il,0,RAM ADERET CIVIL ENGINEERING LTD,,03-9017710,,kabala@ram-aderet.co.il
RAM ON,"Real-Industry-Chemical, Rubber & Plastic",1209,512776964,Israel,,214206,RAM-ON INVESTMENTS AND HOLDINGS(1999) LTD,,04-6499857,04-6499635,noam@ram-on.co.il
RAMI LEVI,Real-Commerce & Services-Retail,1445,513770669,Israel,ir.rami-levy.co.il/?lang=en                       ,5550182,RAMI LEVI CHAIN STORES HASHIKMA MARKETING 2006 LTD,,02-6481843,02-6331274,inbal@rami-levy.co.il
RAMI LEVY RE,Real-Real-Estate & Construction-Investment-Proerties In Israel,2508,511086738,Israel,,3448831,RAMI LEVY REAL ESTATE LTD,,02-6794334,,liat@rl-nadlan.co.il
RAMOT CITY,Real-Real-Estate & Construction-Construction,1724,514328004,Israel,www.r-h.co.il,0,RAMOT IN THE CITY LTD,,03-6203006,03-6203007,eliav@r-h.co.il
RANI ZIM,Real-Real-Estate & Construction-Investment-Proerties In Israel,1588,514353671,Israel,www.zimurban.co.il,920287,RANI ZIM SHOPPING CENTERS LTD,,073-7962555,03-6096000,avner@zimurban.co.il
RAPAC,Real-Investment & Holdings-Investment & Holdings,769,520029505,Israel,www.rapac.co.il                                   ,1306148,RAPAC COMMUNICATION & INFRASTRUCTURE LTD,,03-6979700,03-6979701,info@rapac.co.il
RATIO,Real-Energy And Oil & Gas Exploration-Oil & Gas Exploration,394,550012777,Israel,www.ratioenergies.com/en                          ,5315911,RATIO ENERGIES - LIMITED PARTNERSHIP,,03-5661338,03-5661280,info@ratioenergies.com
RATIO FINANCE,Real-Energy And Oil & Gas Exploration-Oil & Gas Exploration,1625,515060044,Israel,www.ratioenergies.com/en                          ,0,RATIO ENERGIES (FINANCE) LTD,,03-5661338,03-5661280,info@ratioenergies.com
RATIO PETROLEUM,Real-Energy And Oil & Gas Exploration-Oil & Gas Exploration,1672,550268411,Israel,www.ratiopetroleum.com/en                         ,60927,RATIO PETROLEUM ENERGY-LIMITED PARTNERSHIP,,03-5661338,03-5661280,info@ratiopetroleum.com
RAV BARIACH(08),Real-Industry-Metal & Building Products,1949,514160530,Israel,www.rb-doors.com                                  ,524571,RAV BARIACH(08)INDUSTRIES LTD.,,08-6794914,08-6794879,riki_h@rav-bariach.com
RAVAD,Real-Real-Estate & Construction-Investment-Proerties In Israel,526,520040148,Israel,,188849,RAVAD LTD.,,03-6236161,03-6236162,eyal@ravad.co.il
RAVAL,"Real-Industry-Chemical, Rubber & Plastic",1436,513506329,Israel,www.raval.co.il                                   ,161032,RAVAL ICS LTD,,08-9521100,08-9521019,raval@raval.co.il
RAY TLV GROUP-M,Real-Real-Estate & Construction-Construction,673,520040973,Israel,en.ray-tlv.com                                    ,73361,RAY TLV GROUP LTD,,03-5609030,,galit@ray-tlv.com
RAYK ASPEN,Real-Real-Estate & Construction-Construction,2392,514978097,Israel,hmarket-bc.com/davidlandmark,0,RAYK ASPEN LTD.,, 08-6308128,  08-6308129,elior@yazamut1.co.il
RAZOR,High-Tech-Technology-Software And Internet,1849,515369296,Israel,www.razor-labs.com                                ,264581,RAZOR LABS LTD,,03-5610901,,office@razor-labs.com
REFINERIES,Real-Energy And Oil & Gas Exploration-Energy,259,520036658,Israel,eng.bazan.co.il                                   ,3356586,OIL REFINERIES LTD.,,04-8788135,073-2928115,info@bazan.co.il
REISDOR,Real-Real-Estate & Construction-Construction,2478,513708248,Israel,,0,REISDOR YAZMOT LIMITED,,03-5185500,,ayab@reisdor.co.il
REIT 1,Real-Real-Estate & Construction-Investment-Proerties In Israel,1357,513821488,Israel,www.reit1.co.il/?lang=2                           ,5337636,REIT 1 LTD,,03-7686700,03-7686710,reit1@reit1.co.il
REIT AZORIM LIV,Real-Real-Estate & Construction-Investment-Proerties In Israel,1794,516117181,Israel,www.living-il.co.il,575786,REIT AZORIM - H.F LIVING LTD,,03-5632657,03-7613405,lilach@azorim.co.il
REKAH,High-Tech-Biomed-Pharma,1033,520042003,Israel,www.rekah.co.il                                   ,141514,REKAH PHARMACEUTICAL INDUSTRY LTD.,,03-5581233,03-5565919,merav@rekah.co.il
REM-ROTEM ENERG,Real-Energy And Oil & Gas Exploration-Oil & Gas Exploration,1693,550272090,Israel,www.rem-materials.com/en                          ,10012,ROTEM ENERGY MINERAL (REM)- LIMITED PARTNERSHIP,,09-8669443,09-8669437,izzie@northwood-explo.com
RENT IT,Real-Real-Estate & Construction-Investment-Proerties In Israel,2423,516581741,Israel,,307583,RENT IT-RESIDENTIAL REIT LTD,,052-2951000,,sharon@rent-it.co.il
RETAILMINDS-M,Real-Investment & Holdings-Inactive & Shell Companies,1847,515678845,Israel,www.mobilityglobal.info                           ,9071,RETAILMINDS TECHNOLOGIES LTD,,052-7831773,052-7831773,nayabusinessltd@gmail.com
RETAILORS,Real-Commerce & Services-Retail,1908,514211457,Israel,www.theretailors.com                              ,1885745,RETAILORS LTD,,03-9050100,03-9050200,avior@retailors.com
RIMON CONSULT,Real-Real-Estate & Construction-Construction,1928,512467994,Israel,www.rimongrp.com                                  ,4684309,RIMON CONSULTING & MANAGEMENT SERVICES LTD.,,04-6274589,04-6274596,info@rimongrp.com
RIMONI,"Real-Industry-Chemical, Rubber & Plastic",76,520041823,Israel,www.rimoni-ind.com                                ,399096,RIMONI INDUSTRIES LTD.,,08-6605050,153-8660505,snirh@rimoni-ind.com
ROBOGROUP,High-Tech-Technology-Robotics & 3d,266,520034984,Israel,www.robo-group.com                                ,40367,ROBOGROUP T.E.K LTD.,,03-9004111,03-9030994,info@robo-group.com
ROTEM SHANI,Real-Real-Estate & Construction-Construction,1797,512287517,Israel,www.rotemshani.com,500077,ROTEM SHANI ENTREPRENEURSHIP AND INVESTMENT LTD.,,09-9579577,09-9579571,info@rotemshani.com
ROTSHTEIN,Real-Real-Estate & Construction-Construction,539,520039959,Israel,www.rotshtein.co.il/en                            ,1504952,ROTSHTEIN REALESTATE LTD,,073-2555444,073-2555445,lior@rotshtein.co.il
RP OPTICAL,High-Tech-Technology-Defence,2479,514454701,Israel,,2699324,RP OPTICAL LAB LTD,,03-9199876,,tsofnat@rp-optical-lab.com
RSL,High-Tech-Technology-Defence,299,520037458,Israel,www.rsl.co.il                                     ,136049,R.S.L. ELECTRONICS LTD.,,04-6547510,04-6547520,info@rsl.co.il
S&B ENERGY,Real-Energy And Oil & Gas Exploration-Energy,1930,510459928,Israel,www.shikunbinui.com/en/energy                     ,3251859,SHIKUN & BINUI ENERGY LTD,,03-6305780,03-6304976,imri_k@shikunbinui.com
S.R ACCORD,Finance-Financial Services-Non Banking Credit,422,520038670,Israel,www.sr-accord.com,714997,S.R ACCORD LTD,,08-9158205,08-8507531,gil@sr-accord.com
SADE REAL ESTAT,Real-Real-Estate & Construction-Construction,341,520037763,Israel,www.saderealestate.com                            ,146963,SADE REAL ESTATE-Y.S. LTD,,03-5455779,03-6944157,info@saderealestate.com
SANO,"Real-Industry-Chemical, Rubber & Plastic",813,520032988,Israel,www.sano.co.il/en                                 ,5009818,SANO BRUNO'S ENTERPRISES LTD.,,09-7473222,09-7473233,amirh@sano.co.il
SAPIR DEPOSITS,Financial Instruments-Financial Instrument-Structured Bonds,2433,516881265,Israel,,0,SAPIR DEPOSITS LTD,,03-6114525,,moti-yar@015.net.il
SARFATI,Real-Real-Estate & Construction-Construction,425,520039090,Israel,www.zarfati-zvi.com,893246,ZVI SARFATI & SONS INVESTMENTS & CONSTRUCTIONS LTD.,,03-9673336,03-9660453,ronidagan@zarfat.co.il
SARINE TECH,High-Tech-Technology-Electronics And Optics,2226,511332207,Israel,www.sarin.com                                     ,178169,SARINE TECHNOLOGIES LTD,,09-7903500,09-7903501,youval.zohar@sarin.com
SATELLE,Real-Real-Estate & Construction-Investment-Proerties Abroad,2498,475527,Cyprus,,0,SATELLE PROPERTIES P.L.C,,03-6089749,,dror.barnea@goldfarb.com
SAVERONE 2014,High-Tech-Technology-Communications Equipment,1800,515154607,Israel,www.saver.one                                     ,235939,SAVERONE 2014 LTD,,03-9094177,03-7525554,office@saver.one
SAVOREAT-M,High-Tech-Technology-Foodtech,1821,515933950,Israel,www.savor-eat.com                                 ,3847,SAVOREAT LTD.,,08-6378883,08-6378883,racheli@savor-eat.com
SCHNAPP,Real-Commerce & Services-Commerce,1427,512665373,Israel,www.schnapp.co.il,192328,E.SCHNAPP CO. WORKS LTD.,,09-8606155,09-8619069,sarit@schnapp.co.il
SCODIX,High-Tech-Technology-Electronics And Optics,1887,513973297,Israel,www.scodix.com                                    ,63259,SCODIX LTD,,03-9033371,03-9033375,shahar.s@scodix.com
SCOPE,Real-Commerce & Services-Commerce,288,520037425,Israel,www.scope-metal.com                               ,2785392,SCOPE METALS GROUP LTD,,08-8631000,08-8631020,info@scope.co.il
SEACH MEDICAL,High-Tech-Biomed-Cannabis,249,520036567,Israel,www.seach.co.il/?lang=en                          ,103821,SEACH MEDICAL GROUP LTD,,09-7700009,077-4462481,cfo@seach.co.il
SELLA CAPITAL,Real-Real-Estate & Construction-Investment-Proerties In Israel,1514,513992529,Israel,www.vitania.co.il/eng                             ,2403544,SELLA CAPITAL REAL ESTATE LTD,,03-5759222,03-6131659,dror@sellacapital.com
SH.I.R SHLOMO,Real-Real-Estate & Construction-Investment-Proerties In Israel,1496,513957472,Israel,,0,SH.I.R SHLOMO REAL ESTATE LTD,,08-9191600,08-9190976,oferg@shlomogroup.co.il
SHAGRIR VEHICLE,Real-Commerce & Services-Services,1664,515158665,Israel,www.shagrir.co.il,201732,SHAGRIR GROUP VEHICLE SERVICES LTD.,,03-5578877,03-5581377,mail@shagrir.co.il
SHAMAYM IMPROVE,High-Tech-Technology-Software And Internet,1922,515181014,Israel,www.shamaym.com                                   ,16914,SHAMAYM IMPROVE LTD,,03-5094700,,info@shamaym.com
SHANIV,Real-Industry-Wood & Paper,1025,520041732,Israel,www.shaniv.com/en                                 ,561673,SHANIV PAPER INDUSTRY LTD.,,08-9908236,08-9960859,shmuel.m@shaniv.com
SHAPIR ENGIN,Real-Industry-Metal & Building Products,1633,514892801,Israel,www.shapir.co.il/en                               ,11762304,SHAPIR ENGINEERING AND INDUSTRY LTD,,03-9169500,03-9169600,amirs@shapir.co.il
SHEMEN ESTATE,Real-Real-Estate & Construction-Investment-Proerties In Israel,634,520023474,Israel,,531281,SHEMEN YIELDING REAL ESTATE LTD.,,04-8604600,04-8622555,lishka@shemen.co.il
SHIKUN & BINUI,Real-Real-Estate & Construction-Construction,1068,520036104,Israel,www.shikunbinui.com                               ,10798429,SHIKUN & BINUI LTD.,,03-6301111,03-6301595,hilat@shikunbinui.com
SHLOMO HOLDING,Real-Commerce & Services-Services,141,520034372,Israel,www.shlomo.co.il/group                            ,0,S.SHLOMO HOLDINGS LTD,,08-9191111,08-9190988,management@shlomo.co.il
SHMUEL BARUCH,Real-Real-Estate & Construction-Construction,2456,512403247,Israel,https://sbaruch.co.il,0,SHMUEL BARUCH ENTREPRENEURSHIP AND CONSTRUCTION LTD,,04-9881502,,nadlan@sbaruch.name
SHOHAM BUSINESS,Finance-Financial Services-Non Banking Credit,1071,520043860,Israel,www.shohambiz.com,304177,E.N. SHOHAM BUSINESS LTD,,04-9070111,04-9070112,elin@shohambiz.com
SHOVAL,Real-Real-Estate & Construction-Construction,2441,512951518,Israel,,491342,SHOVAL ENGINEERING AND CONSTRUCTION LTD,,04-8202660,077-6070220,office@shovali.co.il
SHUFERSAL,Real-Commerce & Services-Retail,777,520022732,Israel,www.shufersal.co.il/tadmit/about                  ,11882482,SHUFERSAL LTD.,,03-9481727,  03-9480917,hilac@shufersal.co.il
SILVER CASTLE-M,Finance-Financial Services-Financial Services,1320,512854514,Israel,www.silvercl.com                                  ,6531,SILVER CASTLE HOLDINGS LTD,,03-5365536,,info@silvercl.com
SILVERSTEIN,Real-Real-Estate & Construction-Investment-Proerties Abroad,1737,1970336,Virgin Islands (UK),,0,SILVERSTEIN PROPERTIES LIMITED,,03-6944249,03-6944157,tkerret@silvprop.com
SIMAD HOLDINGS,Real-Commerce & Services-Hotels & Tourism,2515,2177857,Virgin Islands (UK),,0,"SIMAD HOLDINGS, LTD",,03-6089816,,hod.mimun@goldfarb.com
SKYLINE,Real-Real-Estate & Construction-Investment-Proerties Abroad,1613,1328683,Canada,www.skylineinvestments.com                        ,65969,SKYLINE INVESTMENTS INC.,,03-7217800,03-7217801,chandak@skylineinvestments.com
SMART AGRO,High-Tech-Biomed-Investments In Life Science,1817,540298403,Israel,www.smartagrofund.com/en                          ,6125,SMART AGRO-LIMITED PARTNERSHIP,,054-7886730,073-2407038,aa.berdah@gmail.com
SOFWAVE MEDICAL,High-Tech-Biomed-Medical Devices,1886,515198158,Israel,www.sofwave.com                                   ,1250163,SOFWAVE MEDICAL LTD,,073-2017650,073-2017658,carmit@sofwave.com
SOLAER,High-Tech-Technology-Renewable Energy,1848,516046307,Israel,www.solaer.co.il/en                               ,1422136,SOLAER RENEWABLE ENERGIES LTD,,08-9374104,08-6365455,alon@solaer.co.il
SOLROM HOLDINGS,High-Tech-Technology-Defence,1924,515512580,Israel,,571553,SOLROM HOLDINGS LTD,,077-9030001,077-9030001,matan.r@solrom.com
SOLTERRA,High-Tech-Technology-Renewable Energy,169,520034919,Israel,www.solterra.energy,18679,SOLTERRA ENERGY LTD,,073-2379100,073-2379105,shiranr@solterra.energy
SONOL REAL EST,Real-Real-Estate & Construction-Investment-Proerties In Israel,2393,510531775,Israel,,583214,SONOL REAL ESTATE AND INVESTMENTS LTD,,09-8637866,,zeevc@sonol.co.il
SONOVIA,High-Tech-Technology-Electronics And Optics,2304,514997741,Israel,www.sonoviatech.com                               ,10456,SONOVIA LTD,,077-9400370,077-3353914,cfo@sonoviatech.com
SPACE COM.,Real-Commerce & Services-Communications & Media,1132,511396046,Israel,www.amos-spacecom.com                             ,193834,SPACE-COMMUNICATION LTD.,,03-7551000,03-7551001,info@amos-spacecom.com
SPEEDVALUE,High-Tech-Technology-IT Services,1878,516107323,Israel,www.speedvalue.com                                ,49580,SPEEDVALUE LTD,,074-7030232,072-2410206,kamels@codevalue.com
SPENCER EQUITY,Real-Real-Estate & Construction-Investment-Proerties Abroad,1628,1838863,Virgin Islands (UK),,0,SPENCER EQUITY GROUP LIMITED,,03-6123939,03-6125030,info@usrer.com
SPRING,High-Tech-Technology-Software And Internet,1329,512758350,Israel,www.springv.com                                   ,45232,SPRING VENTURES LTD,,03-5434060,076-5100955,office@springv.com
SPUNTECH,Real-Industry-Wood & Paper,1182,512288713,Israel,www.spuntech.com                                  ,203890,N.R. SPUNTECH INDUSTRIES LTD.,,04-6758100,04-6732370,chen_m@spuntech.com
STG,Real-Commerce & Services-Commerce,550,520040338,Israel,www.stggroup.co.il                                ,334395,STG INTERNATIONAL LTD.,,03-7331400,03-5732244,stg@stggroup.co.il
STORAGE DROP,High-Tech-Technology-Cleantech,1562,512714221,Israel,www.storagedrop.co.il                             ,6005,STORAGE DROP STORAGE TECHNOLOGIES LTD,,077-4008515,09-7442446,info@storagedrop.co.il
STRAUSS GROUP,Real-Industry-Food,746,520003781,Israel,www.strauss-group.com                             ,16324388,STRAUSS GROUP LTD.,,03-6752499,03-6752279,yael.nevo@strauss-group.com
STRAWBERRY,Real-Real-Estate & Construction-Investment-Proerties Abroad,1654,1863501,Virgin Islands (UK),www.strawberryfieldsreit.com                      ,0,"STRAWBERRY FIELDS REIT,LTD",,03-6944249,03-6944157
STRAWBERRY INC,Real-Real-Estate & Construction-Investment-Proerties Abroad,2438,842336054,USA,,555354,"STRAWBERRY FIELDS REIT,INC",,03-6944249,03-6944157
SUFRIN,Real-Real-Estate & Construction-Construction,1974,515361442,Israel,www.sufrin.io/en                                  ,115199,SUFRIN HOLDINGS LTD,,03-6123965,03-6123966,roy@sufrin.io
SUGAT,Real-Industry-Food,308,520037573,Israel,www.sugat-group.co.il/en                          ,1332177,SUGAT GROUP LTD,,04-9549555,,ir@sugat-group.co.il
SUMMIT,Real-Real-Estate & Construction-Investment-Proerties Abroad,1060,520043720,Israel,www.smt.co.il                                     ,4536785,SUMMIT REAL ESTATE HOLDINGS LTD,,04-8408091,04-8408092,amirs@smt.co.il
SUNFLOWER,High-Tech-Technology-Renewable Energy,1062,520043597,Israel,www.sunflower-sit.com                             ,465363,SUNFLOWER SUSTAINABLE INVESTMENTS LTD.,,073-3244860,073-3246838,adi@sunflower-sit.com
SUNY COMMUN,Real-Commerce & Services-Commerce,2009,520031808,Israel,www.samsungmobile.co.il,320667,SUNY CELLULAR COMMUNICATION LTD,,03-9057701,03-9314422,eyal.palti@suny-cc.co.il
SUPERGAS POWER,Real-Energy And Oil & Gas Exploration-Energy,1804,516077989,Israel,ir.electra-power.co.il,447118,SUPERGAS POWER (2019) LTD,,09-8308103,09-8308181,energy@electra-power.co.il
SURE-TECH,High-Tech-Technology-Investments In High-Tech,1889,540300563,Israel,www.suretech.vc,8095,SURE-TECH INVESTMENTS-LIMITED PARTNERSHIP,,050-5255633,077-4448072,doron@suretech.vc
SYNEL M.L.L,High-Tech-Technology-Software And Internet,1115,511416612,Israel,www.synel.com                                     ,101870,SYNEL PAYWAY M.L.L LTD,,03-7555100,04-9890484,matangr@synel.co.il
TADIRAN GROUP,Real-Commerce & Services-Commerce,258,520036732,Israel,www.tadiran-international.com                     ,1564382,TADIRAN GROUP LTD,,03-9283372,03-9283336,ayeletk@tadiran-group.co.il
TAMAR PETROLEUM,Real-Energy And Oil & Gas Exploration-Oil & Gas Exploration,1689,515334662,Israel,www.tamarpetroleum.co.il/en                       ,3053432,TAMAR PETROLEUM LTD,,074-7044779,074-7044762,efrat@tamarpetroleum.co.il
TASE,Finance-Financial Services-Financial Services,1778,520020033,Israel,www.tase.co.il/en                                 ,14631644,TEL AVIV STOCK EXCHANGE LTD,, 076-8160571,076-8160331,livnatw@tase.co.il
TAT TECHNOLOG.,Real-Industry-Electrical,2110,520035791,Israel,www.tat-technologies.com                          ,2166962,TAT TECHNOLOGIES LTD,,08-8628500,08-8621511,tat@tat.co.il
TAYA INV.,Real-Commerce & Services-Communications & Media,796,520008483,Israel,,120073,TAYA INVESTMENT CO. LTD.,,09-9595052,09-7404783,officemanager@tayamedia.com
TECTONA,High-Tech-Technology-Software And Internet,216,520036096,Israel,www.tectona.io                                    ,85153,TECTONA LTD,,073-3976815,077-4703088,guy.harel@tectona.io
TEDEA,Real-Investment & Holdings-Investment & Holdings,142,520034364,Israel,,28799,TEDEA TECHNOLOGICAL DEVELOPMENT & AUTOMOTION LTD.,,09-9602010,09-9569081,maya@tedea.com
TEFRON,Real-Industry-Fashion & Clothing,2076,520043407,Israel,www.tefron.com                                    ,177570,TEFRON LTD.,,04-9900870,04-9900037,financeil@tefron.com
TELSYS,High-Tech-Technology-Electronics And Optics,354,520038100,Israel,www.telsys.co.il                                  ,1979804,TELSYS LTD.,,03-7657666,03-6497407,boaz@telsys.co.il
TEMPO BEVERAGES,Real-Industry-Food,1535,513682625,Israel,en.tempo.co.il                                    ,0,TEMPO BEVERAGES LTD,,09-8630530,09-8630750,michaelha@tempo.co.il
TERA LIGHT,High-Tech-Technology-Renewable Energy,1982,516414679,Israel,www.teralight.co.il/en                            ,1377288,TERA LIGHT LTD,,03-3733234,073-3438128,office@teralight.co.il
TERMINAL X,Real-Commerce & Services-Retail,1948,515722536,Israel,www.terminalx.com,864428,TERMINAL X ONLINE LTD,,,03-9050200,office@terminalx.com
TEUZA,High-Tech-Technology-Investments In High-Tech,290,520036757,Israel,www.teuzafund.com                                 ,39993,TEUZA - A FAIRCHILD  TECHNOLOGY VENTURE LTD.,,04-8728788,04-8729393,teuza@teuzafund.com
TEVA,High-Tech-Biomed-Pharma,629,520013954,Israel,www.tevapharm.com                                 ,124965731,TEVA- PHARMACEUTICAL INDUSTRIES LTD.,,03-9148262,03-9267519,yael.ashman@teva.co.il
TGI,Real-Industry-Metal & Building Products,1185,511870891,Israel,,193033,TGI INFRASTRUCTURES LTD,,03-7584315,03-7584315,yael@tgi-infra.com
THE LESER,Real-Real-Estate & Construction-Investment-Proerties Abroad,1513,1427976,Virgin Islands (UK),,0,THE LESER GROUP LTD,,03-6123939,03-6125030,info@usrer.com
THEMIS,Real-Industry-Food,1289,511327017,Israel,,71575,THEMIS G.R.E.N. LTD,,09-8915499,09-7724193,nir@themis-gren.com
THIRDEYE,High-Tech-Technology-Defence,397,520038639,Israel,www.thirdeye-systems.com                          ,249282,THIRDEYE SYSTEMS LTD,,054-7403352,09-9559827,info@thirdeye-systems.com
TIGBUR GROUP,Real-Commerce & Services-Services,1460,510882830,Israel,www.tigbur.com                                    ,708951,TIGBUR GROUP LTD,,03-5762120,03-5762100,tomer@tigbur.co.il
TIGI,High-Tech-Technology-Cleantech,1876,514041797,Israel,www.tigisolar.com                                 ,17847,TIGI LTD,,09-7748800,09-7748801,zvika@tigisolar.com
TIKUN OLAM CANB,High-Tech-Biomed-Cannabis,1102,512101460,Israel,www.cannbit.com                                   ,17758,TIKUN OLAM-CANNBIT PHARMACEUTICALS LTD,,04-6575522,04-6025995,tonyk@tikun-olam.org.il
TIV TAAM,Real-Commerce & Services-Retail,103,520041187,Israel,www.tivtaam.co.il,1213513,TIV TAAM HOLDINGS 1 LTD,,04-6179470,04-6179441,orlyl@tivtaam.co.il
TOGETHER,High-Tech-Biomed-Cannabis,462,520039348,Israel,www.together-pharma.com/investors                 ,58511,TOGETHER PHARMA LTD,,074-7721500,074-7721526,contact@together-pharma.com
TOMER ENERGY,Real-Energy And Oil & Gas Exploration-Oil & Gas Exploration,1609,514837111,Israel,www.tomerenergy.co.il/en                          ,456023,TOMER ENERGY ROYALTIES (2012) LTD,,073-3242742,073-3242835,info@dlrl.co.il
TONDO SMART,High-Tech-Technology-Electronics And Optics,1945,515876167,Israel,www.tondo-iot.com                                 ,88651,TONDO SMART LTD,,03-5055565,03-5055565,office@tondo-iot.com
TOP GROUP,High-Tech-Technology-Software And Internet,1081,520044231,Israel,www.top-group.co.il/group/en                      ,252556,TOP GROUP SOFTWARE LTD.,,03-7667777,03-7667770,ziv_h@top-group.co.il
TOP GUM,High-Tech-Technology-Foodtech,1943,513561399,Israel,www.topgummiceuticals.com                         ,1914545,TOP GUM INDUSTRIES LTD.,,08-6616111,08-6616113,niro@topgummiceuticals.com
TOWER,High-Tech-Technology-Semiconductors,2028,520041997,Israel,www.towersemi.com                                 ,44496103,TOWER SEMICONDUCTOR LTD.,,04-6506611,04-6547788,natiso@towersemi.com
TRUCKNET,High-Tech-Technology-Software And Internet,1870,515446474,Israel,www.trucknet.io                                   ,12457,TRUCKNET ENTERPRISE LTD,,077-9709090,077-4702399,oriana@trucknet.io
TSG,High-Tech-Technology-Defence,2444,512797440,Israel,/https://www.tsgitsystems.com/en                  ,1800894,TSG IT ADVANCED SYSTEMS LTD,,03-5483555,,tsg@tsgitsystems.com
TURBOGEN,High-Tech-Technology-Cleantech,1936,515086056,Israel,www.turbogenchp.com                               ,411392,TURBOGEN LTD,,03-5795452,03-9463281,info@turbogenchp.com
TURGEMAN,Real-Real-Estate & Construction-Investment-Proerties In Israel,2519,516523479,Israel,,0,TURGEMAN HOLDINGS LTD,,04-6397598,,eli@amireygan.com
TURPAZ,Real-Industry-Food,1901,514574524,Israel,www.turpaz.co.il                                  ,8393665,TURPAZ INDUSTRIES LTD,,03-5598211,03-5598212,info@turpaz.co.il
UMH PROPE,Real-Real-Estate & Construction-Investment-Proerties Abroad,2356,221890929,USA,www.umh.com                                       ,3737103,"UMH PROPERTIES, INC.",,03-6089999,03-6089909,ir@umh.com
UNICORN TECHNO,High-Tech-Technology-Investments In High-Tech,1813,540294428,Israel,www.unicorn-technologies.co.il,20105,UNICORN TECHNOLOGIES-LIMITED PARTNERSHIP,,03-5661345,03-5661280,amit@unicorn-technologies.co.il
UNIC-TECH,High-Tech-Technology-Investments In High-Tech,1881,540301322,Israel,,5180,UNIC-TECH LIMITED PARTNERSHIP,,050-6456788,,avi@gre.co.il
UNITRONICS,High-Tech-Technology-Electronics And Optics,2170,520044199,Israel,www.unitronics.com                                ,325467,UNITRONICS (1989)(R''G) LTD.,,03-9778888,03-9778877,riki@unitronics.com
UNIVERSAL MOTOR,Real-Commerce & Services-Commerce,2072,511809071,Israel,www.umigroup.co.il,3840480,UNIVERSAL MOTORS ISRAEL LTD,,03-6171989,03-9526110,moran_l@umi.co.il
UNIVO-M,Real-Investment & Holdings-Inactive & Shell Companies,2230,511799835,Israel,www.univopharma.com                               ,3060,UNIVO PHARMACEUTICALS LTD,,08-9448585,08-9448585,itamar@univopharma.com
UPSELLON BRANDS,High-Tech-Technology-Software And Internet,456,520038878,Israel,www.upsellon.com                                  ,15854,UPSELLON BRANDS HOLDINGS LTD,,054-7449820,03-6844998,finance@upsellon.com
URBAN BRAND,Real-Real-Estate & Construction-Construction,2486,514870831,Israel,,91284,URBAN BRAND LTD,,03-9039969,,shachar@urbanbrd.com
URBANICA(PALO),Real-Commerce & Services-Retail,2381,515135408,Israel,www.urbanica-wh.com,1129698,URBANICA (PALO) RETAIL LTD,,03-5419723,,yael.ad@castro.co.il
UTRON,High-Tech-Technology-Robotics & 3d,1771,515883809,Israel,www.utron.com                                     ,105093,UTRON LTD,,03-9778844,03-9778877,isa@utron.com
VELORYX,High-Tech-Technology-Electronics And Optics,1824,515114429,Israel,www.aquariusengines.com                           ,68729,VELORYX LTD,,09-7745022,09-7747389,investors@aquariusengines.com
VERIDIS,High-Tech-Technology-Cleantech,1907,515935807,Israel,www.veridis.co.il/en                              ,4963202,VERIDIS ENVIRONMENT LTD,,09-9520000,09-9520001,hagit_b@groupve.co.il
VICTORY,Real-Commerce & Services-Retail,1583,514068980,Israel,www.victory.co.il,764184,VICTORY SUPERMARKET CHAIN LTD,,08-8674994,08-8674208,eyal@victory1.co.il
VILLAR,Real-Real-Estate & Construction-Investment-Proerties In Israel,416,520038910,Israel,www.villar.co.il                                  ,3348630,VILLAR INTERNATIONAL LTD.,,04-6272770,04-6275832,yossig@villar.co.il
VISION SIGMA,Real-Real-Estate & Construction-Investment-Proerties In Israel,350,520037987,Israel,,56448,VISION SIGMA LTD,,09-9709993,09-9709998,limor@sigalit.com
VITANIA,Real-Real-Estate & Construction-Investment-Proerties In Israel,1515,512096793,Israel,www.vitania.co.il/eng                             ,1029491,VITANIA LTD,,036441930,   036441934,office@vitania.co.il
WATER.IO,High-Tech-Technology-Software And Internet,1968,515272789,Israel,www.impacx.io                                     ,8620,WATER.IO LTD,,08-3730370,08-3731017,info@impacx.io
WESDALE AMERIC,Real-Real-Estate & Construction-Investment-Proerties Abroad,1772,1991033,Virgin Islands (UK),,0,WESTDALE AMERICA LIMITED,,03-6111000,03-6133355,joe@westdale.com
WESURE GLOBALT,Finance-Insurance-Insurance,1865,515559169,Israel,www.we-sure.co.il/en                              ,2688847,WESURE GLOBAL TECH LTD.,,09-9780000,09-9791686,morand@we-sure.co.il
WILK,High-Tech-Technology-Foodtech,278,520037136,Israel,www.wilkismilk.com                                ,10203,WILK TECHNOLOGIES LTD,,058-5352246,058-5352246,info@wilkismilk.com
WILLI-FOOD INTE,Real-Commerce & Services-Commerce,2123,520043209,Israel,www.willi-food.com                                ,1206520,G.WILLI-FOOD INTERNATIONAL,,08-9321000,08-9321003,cfo@willi-food.co.il
WILLY  FOOD,Real-Commerce & Services-Commerce,371,520038225,Israel,www.willi-food.com                                ,871600,WILLY FOOD INVESTMENTS LTD,,08-9321000,08-9321003,cfo@willi-food.co.il
WIND BUZZ,High-Tech-Technology-Cleantech,1466,513910091,Israel,www.wind-buzz.com                                 ,14805,WIND BUZZ TECHNOLOGIES LTD,,03-5670100,03-5670101,ltd_aa@yahoo.com
XTL,High-Tech-Biomed-Biotechnology,2190,520039470,Israel,www.xtlbio.com                                    ,25549,XTL BIOPHARMACEUTICALS LTD.,,03-6116666,03-6116610,ir@xtlbio.com
Y.B RENEWAL,Real-Real-Estate & Construction-Construction,111,520033861,Israel,,32951,Y.B URBAN RENEWAL - RESIDENTIAL DEVELOPMENT LTD,,050-6371112,03-7467700,kobyz770@gmail.com
YAAZ,Real-Real-Estate & Construction-Construction,2490,515125862,Israel,,194785,YAAZ ENTREPRENEURSHIP AND URBAN RENEWAL LTD,,03-9674546,,omri@yaaz.co.il
YACOBI GROUP,Real-Real-Estate & Construction-Construction,1703,514010081,Israel,www.ysbgroup.com/home-en.html                     ,156149,YACOBI BROTHERS GROUP (YSB) LTD,,073-2534900,08-6274212,zivn@ysbgroup.com
YBOX,Real-Real-Estate & Construction-Construction,486,520038688,Israel,www.ybox.co.il/en                                 ,375948,YBOX REAL ESTATE LTD,,03-6285300,03-5100196,eldad@ybox.co.il
YESODOT EITANIM,Real-Real-Estate & Construction-Construction,2386,515099018,Israel,www.oz-yesodot.co.il,64467,YESODOT EITANIM CONSTRUCTION LTD,,08-6900701,,rafi@oz-yesodot.co.il
YOCHANANOF,Real-Commerce & Services-Retail,1786,511344186,Israel,www.yochananof.co.il,5428601,M.YOCHANANOF AND SONS (1988) LTD,,076-8175717,08-9448179,hezi@yochananof.co.il
YOZMOT,Real-Real-Estate & Construction-Construction,2464,516182128,Israel,,0,YOZMOT - REAL ESTATE DEVELOPMENT LTD,,072-2608080,,office@yozmot.net
YUVALIM GROUP,Real-Real-Estate & Construction-Construction,1903,514625094,Israel,en.yuvalim-group.co.il                            ,0,YUVALIM GROUP INVESTMENTS LTD,,03-6124433,03-6125010,office@yuvalim.biz
ZANLAKOL,Real-Industry-Food,130,520034208,Israel,www.sanlakol.com                                  ,577051,ZANLAKOL LTD.,,04-6595555,04-6407456,tsur@sanlakol.co.il
ZARASAI GROUP,Real-Real-Estate & Construction-Investment-Proerties Abroad,1604,1744984,Virgin Islands (UK),,0,THE ZARASAI GROUP LTD,,03-6111000,03-6133355,adam@pinnacleny.com
ZEPHYRUS,High-Tech-Technology-Renewable Energy,2413,516537560,Israel,www.zephyrus.co.il                                ,2152935,ZEPHYRUS WING ENERGIES LTD,,074-7539132,,jasmine@zephyrus.co.il
ZOOZ STRATEGY,Real-Investment & Holdings-Investment & Holdings,1866,514881564,Israel,www.zoozpower.com                                 ,193470,ZOOZ STRATEGY LTD,,08-6805566,08-6425032,ruth.smadja@zoozpower.com
ZUR,Real-Investment & Holdings-Investment & Holdings,730,520025586,Israel,www.zur-shamir.com                                ,800077,ZUR SHAMIR HOLDINGS LTD.,,03-6251400,03-9191911,info@zur-shamir.com
